id,timestamp,scene,framerate,marker,rating
0,2023-08-30 15:25:14.725912,image,120,point,5
0,2023-08-30 15:25:27.219762,image,120,aruco,4
0,2023-08-30 15:25:33.355089,image,120,qr,5
0,2023-08-30 15:25:39.971170,text_w,120,point,5
0,2023-08-30 15:25:47.068685,text_w,120,aruco,5
0,2023-08-30 15:25:53.894194,text_w,120,qr,5
0,2023-08-30 15:26:01.110922,text_d,120,point,2
0,2023-08-30 15:26:06.902220,text_d,120,aruco,2
0,2023-08-30 15:26:12.390264,text_d,120,qr,1
0,2023-08-30 15:26:20.731390,image,240,point,4
0,2023-08-30 15:26:26.371429,image,240,aruco,5
0,2023-08-30 15:26:32.115444,image,240,qr,5
0,2023-08-30 15:26:37.803478,text_w,240,point,5
0,2023-08-30 15:26:43.443516,text_w,240,aruco,4
0,2023-08-30 15:26:49.514126,text_w,240,qr,5
0,2023-08-30 15:26:55.053079,text_d,240,point,3
0,2023-08-30 15:27:00.681473,text_d,240,aruco,2
0,2023-08-30 15:27:06.086642,text_d,240,qr,1
0,2023-08-30 15:27:13.875724,image,144,point,5
0,2023-08-30 15:27:19.366706,image,144,aruco,5
0,2023-08-30 15:27:25.014696,image,144,qr,5
0,2023-08-30 15:27:31.142731,text_w,144,point,5
0,2023-08-30 15:27:37.094713,text_w,144,aruco,5
0,2023-08-30 15:27:42.710822,text_w,144,qr,5
0,2023-08-30 15:27:49.454870,text_d,144,point,2
0,2023-08-30 15:27:56.606895,text_d,144,aruco,2
0,2023-08-30 15:28:02.110957,text_d,144,qr,1
0,2023-08-30 15:28:10.228682,image,60,point,1
0,2023-08-30 15:28:15.830941,image,60,aruco,1
0,2023-08-30 15:28:21.262998,image,60,qr,1
0,2023-08-30 15:28:27.469547,text_w,60,point,2
0,2023-08-30 15:28:33.094902,text_w,60,aruco,1
0,2023-08-30 15:28:38.615739,text_w,60,qr,1
0,2023-08-30 15:28:44.162667,text_d,60,point,1
0,2023-08-30 15:28:49.636072,text_d,60,aruco,1
0,2023-08-30 15:28:55.111076,text_d,60,qr,1
0,2023-08-30 15:29:02.948363,image,240,aruco,5
0,2023-08-30 15:29:08.567162,image,240,qr,5
0,2023-08-30 15:29:14.252293,image,240,point,5
0,2023-08-30 15:29:21.864102,text_d,240,aruco,3
0,2023-08-30 15:29:27.407212,text_d,240,qr,4
0,2023-08-30 15:29:32.900510,text_d,240,point,2
0,2023-08-30 15:29:38.532547,text_w,240,aruco,5
0,2023-08-30 15:29:44.268483,text_w,240,qr,5
0,2023-08-30 15:29:50.188540,text_w,240,point,5
0,2023-08-30 15:29:59.216270,image,120,aruco,5
0,2023-08-30 15:30:05.023530,image,120,qr,4
0,2023-08-30 15:30:10.663582,image,120,point,4
0,2023-08-30 15:30:16.212715,text_d,120,aruco,2
0,2023-08-30 15:30:21.743625,text_d,120,qr,1
0,2023-08-30 15:30:27.863665,text_d,120,point,1
0,2023-08-30 15:30:33.503727,text_w,120,aruco,5
0,2023-08-30 15:30:39.431772,text_w,120,qr,5
0,2023-08-30 15:30:44.903759,text_w,120,point,5
0,2023-08-30 15:30:52.586741,image,60,aruco,1
0,2023-08-30 15:30:58.087856,image,60,qr,1
0,2023-08-30 15:31:03.583889,image,60,point,1
0,2023-08-30 15:31:09.111930,text_d,60,aruco,1
0,2023-08-30 15:31:14.591957,text_d,60,qr,1
0,2023-08-30 15:31:20.285068,text_d,60,point,1
0,2023-08-30 15:31:26.389103,text_w,60,aruco,2
0,2023-08-30 15:31:33.429204,text_w,60,qr,2
0,2023-08-30 15:31:38.981229,text_w,60,point,2
0,2023-08-30 15:31:46.933260,image,144,aruco,5
0,2023-08-30 15:31:52.941237,image,144,qr,5
0,2023-08-30 15:31:59.101282,image,144,point,5
0,2023-08-30 15:32:05.437323,text_d,144,aruco,3
0,2023-08-30 15:32:15.245315,text_d,144,qr,2
0,2023-08-30 15:32:20.797391,text_d,144,point,2
0,2023-08-30 15:32:26.989422,text_w,144,aruco,5
0,2023-08-30 15:32:32.600362,text_w,144,qr,5
0,2023-08-30 15:32:38.360394,text_w,144,point,4
0,2023-08-30 15:32:46.216504,image,120,point,4
0,2023-08-30 15:32:51.880502,image,120,aruco,5
0,2023-08-30 15:32:57.400486,image,120,qr,4
0,2023-08-30 15:33:02.901614,text_d,120,point,2
0,2023-08-30 15:33:08.792550,text_d,120,aruco,2
0,2023-08-30 15:33:14.320616,text_d,120,qr,2
0,2023-08-30 15:33:19.968651,text_w,120,point,5
0,2023-08-30 15:33:25.672661,text_w,120,aruco,5
0,2023-08-30 15:33:31.304643,text_w,120,qr,5
0,2023-08-30 15:33:38.821872,image,240,point,5
0,2023-08-30 15:33:44.256762,image,240,aruco,5
0,2023-08-30 15:33:49.781753,image,240,qr,5
0,2023-08-30 15:34:18.719458,text_d,240,point,5
0,2023-08-30 15:34:25.107934,text_d,240,aruco,3
0,2023-08-30 15:34:30.553057,text_d,240,qr,2
0,2023-08-30 15:34:36.137126,text_w,240,point,5
0,2023-08-30 15:34:41.689129,text_w,240,aruco,5
0,2023-08-30 15:34:47.361186,text_w,240,qr,5
0,2023-08-30 15:34:54.985180,image,60,point,1
0,2023-08-30 15:35:00.441257,image,60,aruco,1
0,2023-08-30 15:35:06.145256,image,60,qr,1
0,2023-08-30 15:35:11.753300,text_d,60,point,1
0,2023-08-30 15:35:17.537329,text_d,60,aruco,1
0,2023-08-30 15:35:22.993319,text_d,60,qr,1
0,2023-08-30 15:35:28.473411,text_w,60,point,2
0,2023-08-30 15:35:33.894668,text_w,60,aruco,1
0,2023-08-30 15:35:40.429375,text_w,60,qr,1
0,2023-08-30 15:35:48.879017,image,144,point,4
0,2023-08-30 15:35:54.623191,image,144,aruco,5
0,2023-08-30 15:36:00.159169,image,144,qr,5
0,2023-08-30 15:36:05.695386,text_d,144,point,2
0,2023-08-30 15:36:11.407573,text_d,144,aruco,1
0,2023-08-30 15:36:17.863676,text_d,144,qr,1
0,2023-08-30 15:36:23.311833,text_w,144,point,5
0,2023-08-30 15:36:29.007957,text_w,144,aruco,5
0,2023-08-30 15:36:34.672163,text_w,144,qr,5
5,2023-09-13 15:03:30.344972,text_d,240,qr,5
5,2023-09-13 15:03:44.678089,text_d,240,none,5
5,2023-09-13 15:03:53.030277,text_d,240,point,4
5,2023-09-13 15:04:58.810696,text_d,240,aruco,5
5,2023-09-13 15:05:04.999926,text_w,240,qr,5
5,2023-09-13 15:05:10.978857,text_w,240,none,5
5,2023-09-13 15:05:16.722947,text_w,240,point,5
5,2023-09-13 15:05:22.355112,text_w,240,aruco,5
5,2023-09-13 15:05:28.040267,image,240,qr,5
5,2023-09-13 15:05:33.656350,image,240,none,5
5,2023-09-13 15:05:39.235355,image,240,point,5
5,2023-09-13 15:05:44.955356,image,240,aruco,5
5,2023-09-13 15:06:02.405998,text_d,120,qr,4
5,2023-09-13 15:06:08.533955,text_d,120,none,5
5,2023-09-13 15:06:20.207554,text_d,120,point,3
5,2023-09-13 15:06:26.417076,text_d,120,aruco,4
5,2023-09-13 15:06:32.678208,text_w,120,qr,5
5,2023-09-13 15:06:39.702291,text_w,120,none,5
5,2023-09-13 15:06:45.766265,text_w,120,point,5
5,2023-09-13 15:06:51.433363,text_w,120,aruco,5
5,2023-09-13 15:06:57.673382,image,120,qr,4
5,2023-09-13 15:07:03.561383,image,120,none,5
5,2023-09-13 15:07:09.641440,image,120,point,4
5,2023-09-13 15:07:15.996404,image,120,aruco,4
5,2023-09-13 15:07:24.590529,text_d,144,qr,3
5,2023-09-13 15:07:31.129502,text_d,144,none,5
5,2023-09-13 15:07:37.809511,text_d,144,point,3
5,2023-09-13 15:07:44.473513,text_d,144,aruco,4
5,2023-09-13 15:07:50.353558,text_w,144,qr,5
5,2023-09-13 15:07:56.748616,text_w,144,none,5
5,2023-09-13 15:08:03.006715,text_w,144,point,5
5,2023-09-13 15:08:08.926836,text_w,144,aruco,5
5,2023-09-13 15:08:15.566837,image,144,qr,4
5,2023-09-13 15:08:22.686833,image,144,none,5
5,2023-09-13 15:08:28.982876,image,144,point,4
5,2023-09-13 15:08:35.321900,image,144,aruco,4
5,2023-09-13 15:08:44.665997,text_d,200,qr,3
5,2023-09-13 15:08:50.340817,text_d,200,none,5
5,2023-09-13 15:08:56.220835,text_d,200,point,3
5,2023-09-13 15:09:02.876781,text_d,200,aruco,3
5,2023-09-13 15:09:09.129853,text_w,200,qr,5
5,2023-09-13 15:09:14.876760,text_w,200,none,5
5,2023-09-13 15:09:20.521865,text_w,200,point,5
5,2023-09-13 15:09:26.881903,text_w,200,aruco,5
5,2023-09-13 15:09:32.444095,image,200,qr,4
5,2023-09-13 15:09:38.311199,image,200,none,5
5,2023-09-13 15:09:44.015254,image,200,point,5
5,2023-09-13 15:09:49.770232,image,200,aruco,5
5,2023-09-13 15:09:57.506132,image,144,none,5
5,2023-09-13 15:10:04.298147,image,144,aruco,4
5,2023-09-13 15:10:11.018215,image,144,qr,4
5,2023-09-13 15:10:17.202235,image,144,point,4
5,2023-09-13 15:10:22.925148,text_d,144,none,5
5,2023-09-13 15:10:31.970241,text_d,144,aruco,4
5,2023-09-13 15:10:39.210315,text_d,144,qr,4
5,2023-09-13 15:10:45.786294,text_d,144,point,3
5,2023-09-13 15:10:51.546350,text_w,144,none,5
5,2023-09-13 15:10:57.122350,text_w,144,aruco,5
5,2023-09-13 15:11:02.906338,text_w,144,qr,5
5,2023-09-13 15:11:08.482359,text_w,144,point,5
5,2023-09-13 15:11:16.178414,image,240,none,5
5,2023-09-13 15:11:21.882390,image,240,aruco,5
5,2023-09-13 15:11:28.594465,image,240,qr,4
5,2023-09-13 15:11:34.354450,image,240,point,5
5,2023-09-13 15:11:40.655507,text_d,240,none,5
5,2023-09-13 15:11:47.223418,text_d,240,aruco,4
5,2023-09-13 15:11:53.335443,text_d,240,qr,3
5,2023-09-13 15:11:59.815463,text_d,240,point,3
5,2023-09-13 15:12:05.527498,text_w,240,none,5
5,2023-09-13 15:12:10.995132,text_w,240,aruco,5
5,2023-09-13 15:12:16.607745,text_w,240,qr,5
5,2023-09-13 15:12:22.170610,text_w,240,point,5
5,2023-09-13 15:12:29.957633,image,200,none,5
5,2023-09-13 15:12:36.090836,image,200,aruco,4
5,2023-09-13 15:12:43.195024,image,200,qr,4
5,2023-09-13 15:12:49.059014,image,200,point,5
5,2023-09-13 15:12:54.571097,text_d,200,none,5
5,2023-09-13 15:13:00.904314,text_d,200,aruco,4
5,2023-09-13 15:13:11.257882,text_d,200,qr,3
5,2023-09-13 15:13:18.512574,text_d,200,point,3
5,2023-09-13 15:13:23.957668,text_w,200,none,5
5,2023-09-13 15:13:29.472728,text_w,200,aruco,5
5,2023-09-13 15:13:34.984696,text_w,200,qr,5
5,2023-09-13 15:13:40.632814,text_w,200,point,5
5,2023-09-13 15:13:48.795830,image,120,none,5
5,2023-09-13 15:13:55.112993,image,120,aruco,4
5,2023-09-13 15:14:01.579999,image,120,qr,4
5,2023-09-13 15:14:07.985902,image,120,point,4
5,2023-09-13 15:14:13.716208,text_d,120,none,5
5,2023-09-13 15:14:20.476331,text_d,120,aruco,3
5,2023-09-13 15:14:26.324275,text_d,120,qr,3
5,2023-09-13 15:14:33.332337,text_d,120,point,3
5,2023-09-13 15:14:38.892530,text_w,120,none,5
5,2023-09-13 15:14:44.692573,text_w,120,aruco,5
5,2023-09-13 15:14:50.652670,text_w,120,qr,5
5,2023-09-13 15:14:56.572598,text_w,120,point,5
5,2023-09-13 15:15:04.473808,image,144,point,4
5,2023-09-13 15:15:10.236785,image,144,aruco,4
5,2023-09-13 15:15:16.228891,image,144,qr,4
5,2023-09-13 15:15:22.284996,image,144,none,5
5,2023-09-13 15:15:27.965002,text_w,144,point,5
5,2023-09-13 15:15:33.584025,text_w,144,aruco,5
5,2023-09-13 15:15:39.445194,text_w,144,qr,5
5,2023-09-13 15:15:45.333223,text_w,144,none,5
5,2023-09-13 15:15:51.389222,text_d,144,point,3
5,2023-09-13 15:15:57.181230,text_d,144,aruco,3
5,2023-09-13 15:16:03.437384,text_d,144,qr,3
5,2023-09-13 15:16:09.285409,text_d,144,none,5
5,2023-09-13 15:16:18.133500,image,200,point,5
5,2023-09-13 15:16:24.013647,image,200,aruco,5
5,2023-09-13 15:16:30.405623,image,200,qr,4
5,2023-09-13 15:16:36.261684,image,200,none,5
5,2023-09-13 15:16:41.965756,text_w,200,point,5
5,2023-09-13 15:16:47.485796,text_w,200,aruco,5
5,2023-09-13 15:16:53.205887,text_w,200,qr,5
5,2023-09-13 15:16:58.733913,text_w,200,none,5
5,2023-09-13 15:17:05.453993,text_d,200,point,3
5,2023-09-13 15:17:11.206006,text_d,200,aruco,4
5,2023-09-13 15:17:16.845970,text_d,200,qr,3
5,2023-09-13 15:17:22.486031,text_d,200,none,5
5,2023-09-13 15:17:30.414008,image,120,point,4
5,2023-09-13 15:17:35.997962,image,120,aruco,4
5,2023-09-13 15:17:42.478091,image,120,qr,4
5,2023-09-13 15:17:56.326186,image,120,none,4
5,2023-09-13 15:18:01.910214,text_w,120,point,5
5,2023-09-13 15:18:07.715305,text_w,120,aruco,5
5,2023-09-13 15:18:13.307343,text_w,120,qr,5
5,2023-09-13 15:18:18.902403,text_w,120,none,5
5,2023-09-13 15:18:26.598424,text_d,120,point,3
5,2023-09-13 15:18:32.374523,text_d,120,aruco,3
5,2023-09-13 15:18:38.075584,text_d,120,qr,3
5,2023-09-13 15:18:43.745445,text_d,120,none,5
5,2023-09-13 15:18:53.702620,image,240,point,2
5,2023-09-13 15:18:59.606622,image,240,aruco,5
5,2023-09-13 15:19:05.278738,image,240,qr,4
5,2023-09-13 15:19:12.510867,image,240,none,5
5,2023-09-13 15:19:18.299873,text_w,240,point,5
5,2023-09-13 15:19:24.078832,text_w,240,aruco,5
5,2023-09-13 15:19:29.705761,text_w,240,qr,5
5,2023-09-13 15:19:35.777821,text_w,240,none,5
5,2023-09-13 15:19:41.969835,text_d,240,point,4
5,2023-09-13 15:19:47.550962,text_d,240,aruco,4
5,2023-09-13 15:19:53.294993,text_d,240,qr,3
5,2023-09-13 15:19:58.980129,text_d,240,none,5
1,2023-09-13 15:58:31.240346,text_d,240,point,3
1,2023-09-13 15:58:39.936524,text_d,240,qr,4
1,2023-09-13 15:58:45.496543,text_d,240,none,5
1,2023-09-13 15:58:51.467647,text_d,240,aruco,3
1,2023-09-13 15:58:57.064821,image,240,point,5
1,2023-09-13 15:59:02.915874,image,240,qr,5
1,2023-09-13 15:59:08.532074,image,240,none,5
1,2023-09-13 15:59:13.980154,image,240,aruco,5
1,2023-09-13 15:59:20.569332,text_w,240,point,5
1,2023-09-13 15:59:26.273557,text_w,240,qr,5
1,2023-09-13 15:59:31.684584,text_w,240,none,5
1,2023-09-13 15:59:37.388741,text_w,240,aruco,5
1,2023-09-13 15:59:45.068226,text_d,120,point,3
1,2023-09-13 15:59:50.607362,text_d,120,qr,3
1,2023-09-13 15:59:56.090468,text_d,120,none,5
1,2023-09-13 15:00:01.791664,text_d,120,aruco,3
1,2023-09-13 15:00:07.583884,image,120,point,5
1,2023-09-13 15:00:13.048027,image,120,qr,5
1,2023-09-13 15:00:18.528207,image,120,none,5
1,2023-09-13 15:00:23.984307,image,120,aruco,5
1,2023-09-13 15:00:29.400559,text_w,120,point,5
1,2023-09-13 15:00:36.408780,text_w,120,qr,5
1,2023-09-13 15:00:42.216938,text_w,120,none,5
1,2023-09-13 15:02:37.647985,text_w,120,aruco,5
1,2023-09-13 15:03:19.014427,text_d,144,point,3
1,2023-09-13 15:03:25.683907,text_d,144,qr,3
1,2023-09-13 15:03:31.452822,text_d,144,none,5
1,2023-09-13 15:03:39.522251,text_d,144,aruco,4
1,2023-09-13 15:03:46.097036,image,144,point,5
1,2023-09-13 15:04:42.576158,image,144,qr,4
1,2023-09-13 15:04:57.753457,image,144,none,5
1,2023-09-13 15:05:04.079948,image,144,aruco,5
1,2023-09-13 15:05:12.364260,text_w,144,point,5
1,2023-09-13 15:05:19.321342,text_w,144,qr,5
1,2023-09-13 15:05:26.140203,text_w,144,none,5
1,2023-09-13 15:06:07.097279,text_w,144,aruco,5
1,2023-09-13 15:06:14.900242,text_d,200,point,4
1,2023-09-13 15:07:53.002260,text_d,200,qr,4
1,2023-09-13 15:07:58.602300,text_d,200,none,5
1,2023-09-13 15:08:04.218364,text_d,200,aruco,4
1,2023-09-13 15:08:10.551486,image,200,point,5
1,2023-09-13 15:08:16.457017,image,200,qr,5
1,2023-09-13 15:08:21.973454,image,200,none,5
1,2023-09-13 15:08:27.786631,image,200,aruco,5
1,2023-09-13 15:08:33.861625,text_w,200,point,5
1,2023-09-13 15:08:39.680022,text_w,200,qr,5
1,2023-09-13 15:08:46.595055,text_w,200,none,5
1,2023-09-13 15:08:56.651201,text_w,200,aruco,5
1,2023-09-13 15:09:06.029550,image,144,point,5
1,2023-09-13 15:09:11.507478,image,144,none,5
1,2023-09-13 15:09:17.731595,image,144,aruco,5
1,2023-09-13 15:09:36.022829,image,144,qr,5
1,2023-09-13 15:09:41.591022,text_w,144,point,5
1,2023-09-13 15:09:47.884185,text_w,144,none,5
1,2023-09-13 15:09:53.271236,text_w,144,aruco,4
1,2023-09-13 15:09:58.988451,text_w,144,qr,5
1,2023-09-13 16:10:04.607393,text_d,144,point,3
1,2023-09-13 16:10:10.460664,text_d,144,none,5
1,2023-09-13 16:10:16.108775,text_d,144,aruco,3
1,2023-09-13 16:10:21.604964,text_d,144,qr,4
1,2023-09-13 16:10:29.410197,image,200,point,5
1,2023-09-13 16:10:35.162344,image,200,none,5
1,2023-09-13 16:10:40.802388,image,200,aruco,5
1,2023-09-13 16:10:46.354565,image,200,qr,5
1,2023-09-13 16:10:51.829550,text_w,200,point,5
1,2023-09-13 16:10:57.848708,text_w,200,none,5
1,2023-09-13 16:11:03.602938,text_w,200,aruco,5
1,2023-09-13 16:11:09.579142,text_w,200,qr,5
1,2023-09-13 16:11:14.979302,text_d,200,point,5
1,2023-09-13 16:11:23.899522,text_d,200,none,5
1,2023-09-13 16:11:29.459625,text_d,200,aruco,5
1,2023-09-13 16:11:35.891774,text_d,200,qr,5
1,2023-09-13 16:11:43.147925,image,240,point,5
1,2023-09-13 16:11:48.844124,image,240,none,5
1,2023-09-13 16:11:54.604186,image,240,aruco,5
1,2023-09-13 16:12:00.471371,image,240,qr,5
1,2023-09-13 16:12:06.330403,text_w,240,point,5
1,2023-09-13 16:12:13.215675,text_w,240,none,5
1,2023-09-13 16:12:27.123883,text_w,240,aruco,5
1,2023-09-13 16:12:34.135953,text_w,240,qr,4
1,2023-09-13 16:12:39.604918,text_d,240,point,5
1,2023-09-13 16:12:45.009985,text_d,240,none,5
1,2023-09-13 16:12:50.353762,text_d,240,aruco,5
1,2023-09-13 16:12:55.897747,text_d,240,qr,5
1,2023-09-13 16:13:03.582587,image,120,point,5
1,2023-09-13 16:13:09.225454,image,120,none,5
1,2023-09-13 16:13:14.892194,image,120,aruco,5
1,2023-09-13 16:13:20.433260,image,120,qr,4
1,2023-09-13 16:13:26.054252,text_w,120,point,5
1,2023-09-13 16:13:31.585084,text_w,120,none,5
1,2023-09-13 16:13:37.123940,text_w,120,aruco,5
1,2023-09-13 16:13:43.176872,text_w,120,qr,5
1,2023-09-13 16:13:50.634274,text_d,120,point,4
1,2023-09-13 16:13:56.235731,text_d,120,none,5
1,2023-09-13 16:14:01.718511,text_d,120,aruco,4
1,2023-09-13 16:14:07.203511,text_d,120,qr,3
1,2023-09-13 16:14:14.718402,text_d,200,qr,3
1,2023-09-13 16:14:20.454360,text_d,200,aruco,4
1,2023-09-13 16:14:25.931395,text_d,200,none,5
1,2023-09-13 16:14:31.739305,text_d,200,point,4
1,2023-09-13 16:14:38.755188,image,200,qr,5
1,2023-09-13 16:14:44.267154,image,200,aruco,5
1,2023-09-13 16:14:49.763092,image,200,none,5
1,2023-09-13 16:14:55.347089,image,200,point,5
1,2023-09-13 16:15:02.369497,text_w,200,qr,5
1,2023-09-13 16:15:10.994976,text_w,200,aruco,5
1,2023-09-13 16:15:17.298926,text_w,200,none,5
1,2023-09-13 16:15:22.738935,text_w,200,point,5
1,2023-09-13 16:15:30.226856,text_d,240,qr,5
1,2023-09-13 16:15:35.685588,text_d,240,aruco,5
1,2023-09-13 16:15:41.242687,text_d,240,none,5
1,2023-09-13 16:15:46.794683,text_d,240,point,5
1,2023-09-13 16:15:55.651290,image,240,qr,5
1,2023-09-13 16:16:01.234663,image,240,aruco,5
1,2023-09-13 16:16:08.250615,image,240,none,5
1,2023-09-13 16:16:13.842540,image,240,point,5
1,2023-09-13 16:16:19.234544,text_w,240,qr,5
1,2023-09-13 16:16:25.850532,text_w,240,aruco,5
1,2023-09-13 16:16:31.647620,text_w,240,none,5
1,2023-09-13 16:16:37.173458,text_w,240,point,5
1,2023-09-13 16:16:44.714526,text_d,144,qr,3
1,2023-09-13 16:16:50.151616,text_d,144,aruco,1
1,2023-09-13 16:16:55.599590,text_d,144,none,5
1,2023-09-13 16:17:00.967600,text_d,144,point,3
1,2023-09-13 16:17:06.426522,image,144,qr,5
1,2023-09-13 16:17:13.946548,image,144,aruco,5
1,2023-09-13 16:17:19.636631,image,144,none,5
1,2023-09-13 16:17:25.231614,image,144,point,4
1,2023-09-13 16:17:30.834540,text_w,144,qr,5
1,2023-09-13 16:17:36.701437,text_w,144,aruco,5
1,2023-09-13 16:17:42.418558,text_w,144,none,5
1,2023-09-13 16:17:47.919564,text_w,144,point,5
1,2023-09-13 16:17:55.615634,text_d,120,qr,3
1,2023-09-13 16:18:01.114549,text_d,120,aruco,2
1,2023-09-13 16:18:06.634421,text_d,120,none,5
1,2023-09-13 16:18:12.103612,text_d,120,point,2
1,2023-09-13 16:18:19.626514,image,120,qr,3
1,2023-09-13 16:18:25.410498,image,120,aruco,5
1,2023-09-13 16:18:30.938599,image,120,none,5
1,2023-09-13 16:18:36.738593,image,120,point,5
1,2023-09-13 16:18:42.434629,text_w,120,qr,5
1,2023-09-13 16:18:48.154672,text_w,120,aruco,5
1,2023-09-13 16:18:53.831789,text_w,120,none,5
1,2023-09-13 16:18:59.314808,text_w,120,point,5
2,2023-09-13 16:38:17.218864,text_w,120,aruco,5
2,2023-09-13 16:38:23.010961,text_w,120,point,5
2,2023-09-13 16:38:54.151391,text_w,120,none,5
2,2023-09-13 16:38:59.529088,text_w,120,qr,5
2,2023-09-13 16:39:04.921148,image,120,aruco,5
2,2023-09-13 16:39:10.401356,image,120,point,3
2,2023-09-13 16:39:16.009438,image,120,none,5
2,2023-09-13 16:39:21.489594,image,120,qr,5
2,2023-09-13 16:39:27.710758,text_d,120,aruco,4
2,2023-09-13 16:39:33.344504,text_d,120,point,2
2,2023-09-13 16:39:39.097960,text_d,120,none,5
2,2023-09-13 16:39:44.845734,text_d,120,qr,2
2,2023-09-13 16:39:52.567377,text_w,200,aruco,5
2,2023-09-13 16:40:00.202522,text_w,200,point,5
2,2023-09-13 16:40:06.767680,text_w,200,none,5
2,2023-09-13 16:40:12.727881,text_w,200,qr,5
2,2023-09-13 16:40:25.656233,image,200,aruco,5
2,2023-09-13 16:40:33.464368,image,200,point,5
2,2023-09-13 16:40:49.234226,image,200,none,5
2,2023-09-13 16:41:00.809883,image,200,qr,5
2,2023-09-13 16:41:06.308202,text_d,200,aruco,5
2,2023-09-13 16:41:11.908368,text_d,200,point,4
2,2023-09-13 16:41:17.300530,text_d,200,none,5
2,2023-09-13 16:41:22.768211,text_d,200,qr,4
2,2023-09-13 16:41:31.319763,text_w,144,aruco,5
2,2023-09-13 16:41:37.300987,text_w,144,point,5
2,2023-09-13 16:41:43.282212,text_w,144,none,5
2,2023-09-13 16:41:50.362354,text_w,144,qr,5
2,2023-09-13 16:41:58.890658,image,144,aruco,5
2,2023-09-13 16:42:12.146982,image,144,point,5
2,2023-09-13 16:42:17.891083,image,144,none,5
2,2023-09-13 16:42:23.931225,image,144,qr,5
2,2023-09-13 16:42:30.275477,text_d,144,aruco,3
2,2023-09-13 16:42:35.982516,text_d,144,point,4
2,2023-09-13 16:42:41.747727,text_d,144,none,5
2,2023-09-13 16:42:47.315927,text_d,144,qr,3
2,2023-09-13 16:42:56.073149,text_w,240,aruco,5
2,2023-09-13 16:43:01.929298,text_w,240,point,5
2,2023-09-13 16:43:07.703379,text_w,240,none,5
2,2023-09-13 16:43:13.266353,text_w,240,qr,5
2,2023-09-13 16:43:19.015591,image,240,aruco,5
2,2023-09-13 16:43:24.911781,image,240,point,5
2,2023-09-13 16:43:30.572996,image,240,none,5
2,2023-09-13 16:43:40.120170,image,240,qr,5
2,2023-09-13 16:43:45.528287,text_d,240,aruco,5
2,2023-09-13 16:43:51.432415,text_d,240,point,5
2,2023-09-13 16:43:57.232657,text_d,240,none,5
2,2023-09-13 16:44:03.088819,text_d,240,qr,5
2,2023-09-13 16:44:11.320970,text_w,120,qr,5
2,2023-09-13 16:44:17.057123,text_w,120,none,5
2,2023-09-13 16:44:23.513361,text_w,120,point,5
2,2023-09-13 16:44:35.864115,text_w,120,aruco,5
2,2023-09-13 16:44:41.313741,image,120,qr,5
2,2023-09-13 16:44:46.809935,image,120,none,5
2,2023-09-13 16:44:52.393986,image,120,point,5
2,2023-09-13 16:44:57.850093,image,120,aruco,5
2,2023-09-13 16:45:03.401806,text_d,120,qr,3
2,2023-09-13 16:45:08.825591,text_d,120,none,5
2,2023-09-13 16:45:14.244170,text_d,120,point,4
2,2023-09-13 16:45:19.641099,text_d,120,aruco,2
2,2023-09-13 16:45:27.136882,text_w,240,qr,5
2,2023-09-13 16:45:33.352556,text_w,240,none,5
2,2023-09-13 16:45:38.904294,text_w,240,point,5
2,2023-09-13 16:45:44.432069,text_w,240,aruco,5
2,2023-09-13 16:45:50.167900,image,240,qr,5
2,2023-09-13 16:45:55.647598,image,240,none,5
2,2023-09-13 16:46:01.159420,image,240,point,5
2,2023-09-13 16:46:06.751182,image,240,aruco,5
2,2023-09-13 16:46:12.182977,text_d,240,qr,4
2,2023-09-13 16:46:17.873617,text_d,240,none,5
2,2023-09-13 16:46:23.396277,text_d,240,point,5
2,2023-09-13 16:46:29.499373,text_d,240,aruco,5
2,2023-09-13 16:46:37.192888,text_w,144,qr,5
2,2023-09-13 16:46:42.672703,text_w,144,none,5
2,2023-09-13 16:46:48.309707,text_w,144,point,5
2,2023-09-13 16:46:54.021488,text_w,144,aruco,5
2,2023-09-13 16:46:59.642321,image,144,qr,5
2,2023-09-13 16:47:05.279996,image,144,none,5
2,2023-09-13 16:47:11.050000,image,144,point,5
2,2023-09-13 16:47:16.655554,image,144,aruco,5
2,2023-09-13 16:47:22.097620,text_d,144,qr,4
2,2023-09-13 16:47:27.751215,text_d,144,none,5
2,2023-09-13 16:47:33.380200,text_d,144,point,3
2,2023-09-13 16:47:38.900015,text_d,144,aruco,4
2,2023-09-13 16:47:47.019815,text_w,200,qr,5
2,2023-09-13 16:47:52.608745,text_w,200,none,5
2,2023-09-13 16:47:58.552505,text_w,200,point,5
2,2023-09-13 16:48:04.248388,text_w,200,aruco,5
2,2023-09-13 16:48:09.824224,image,200,qr,5
2,2023-09-13 16:48:15.712083,image,200,none,5
2,2023-09-13 16:48:24.306828,image,200,point,5
2,2023-09-13 16:48:29.706677,image,200,aruco,5
2,2023-09-13 16:48:35.266559,text_d,200,qr,5
2,2023-09-13 16:48:40.867171,text_d,200,none,5
2,2023-09-13 16:48:46.898335,text_d,200,point,5
2,2023-09-13 16:48:52.346132,text_d,200,aruco,5
2,2023-09-13 16:49:00.023091,image,240,none,5
2,2023-09-13 16:49:06.022876,image,240,qr,5
2,2023-09-13 16:49:12.230791,image,240,aruco,5
2,2023-09-13 16:49:18.183295,image,240,point,5
2,2023-09-13 16:49:23.729486,text_w,240,none,5
2,2023-09-13 16:49:29.713408,text_w,240,qr,5
2,2023-09-13 16:49:35.217259,text_w,240,aruco,5
2,2023-09-13 16:49:41.049195,text_w,240,point,5
2,2023-09-13 16:49:46.529088,text_d,240,none,5
2,2023-09-13 16:49:52.032952,text_d,240,qr,5
2,2023-09-13 16:49:57.469934,text_d,240,aruco,5
2,2023-09-13 16:50:02.933760,text_d,240,point,5
2,2023-09-13 16:50:10.376613,image,120,none,5
2,2023-09-13 16:50:15.800530,image,120,qr,5
2,2023-09-13 16:50:21.336426,image,120,aruco,5
2,2023-09-13 16:50:26.800296,image,120,point,5
2,2023-09-13 16:50:32.392193,text_w,120,none,5
2,2023-09-13 16:50:37.952174,text_w,120,qr,5
2,2023-09-13 16:50:45.391984,text_w,120,aruco,5
2,2023-09-13 16:50:51.151986,text_w,120,point,5
2,2023-09-13 16:50:56.783889,text_d,120,none,5
2,2023-09-13 16:51:02.639838,text_d,120,qr,3
2,2023-09-13 16:51:08.135757,text_d,120,aruco,4
2,2023-09-13 16:51:13.735720,text_d,120,point,4
2,2023-09-13 16:51:21.263572,image,200,none,5
2,2023-09-13 16:51:26.693989,image,200,qr,5
2,2023-09-13 16:51:32.151438,image,200,aruco,5
2,2023-09-13 16:51:38.298249,image,200,point,5
2,2023-09-13 16:51:44.658862,text_w,200,none,5
2,2023-09-13 16:51:50.303212,text_w,200,qr,5
2,2023-09-13 16:51:56.047108,text_w,200,aruco,5
2,2023-09-13 16:52:01.649966,text_w,200,point,5
2,2023-09-13 16:52:07.118968,text_d,200,none,5
2,2023-09-13 16:52:12.582944,text_d,200,qr,3
2,2023-09-13 16:52:18.870986,text_d,200,aruco,5
2,2023-09-13 16:52:24.313693,text_d,200,point,3
2,2023-09-13 16:52:34.172621,image,144,none,4
2,2023-09-13 16:52:39.627780,image,144,qr,5
2,2023-09-13 16:52:45.206715,image,144,aruco,5
2,2023-09-13 16:52:51.022684,image,144,point,5
2,2023-09-13 16:52:56.662670,text_w,144,none,5
2,2023-09-13 16:53:02.198636,text_w,144,qr,5
2,2023-09-13 16:53:07.998572,text_w,144,aruco,5
2,2023-09-13 16:53:13.694522,text_w,144,point,5
2,2023-09-13 16:53:20.126535,text_d,144,none,5
2,2023-09-13 16:53:25.513366,text_d,144,qr,3
2,2023-09-13 16:53:31.057370,text_d,144,aruco,3
2,2023-09-13 16:53:36.542445,text_d,144,point,3
4,2023-09-14 10:00:28.316747,text_w,120,aruco,5
4,2023-09-14 10:00:35.452840,text_w,120,none,5
4,2023-09-14 10:00:42.679878,text_w,120,qr,5
4,2023-09-14 10:00:48.837631,text_w,120,point,5
4,2023-09-14 10:00:55.973034,image,120,aruco,5
4,2023-09-14 10:01:02.000057,image,120,none,5
4,2023-09-14 10:01:09.608066,image,120,qr,4
4,2023-09-14 10:01:15.792052,image,120,point,5
4,2023-09-14 10:01:22.648155,text_d,120,aruco,3
4,2023-09-14 10:01:29.312138,text_d,120,none,5
4,2023-09-14 10:01:35.605332,text_d,120,qr,3
4,2023-09-14 10:01:42.053362,text_d,120,point,2
4,2023-09-14 10:01:50.280417,text_w,240,aruco,5
4,2023-09-14 10:01:56.589578,text_w,240,none,5
4,2023-09-14 10:02:02.536504,text_w,240,qr,5
4,2023-09-14 10:02:08.656590,text_w,240,point,5
4,2023-09-14 10:02:15.093664,image,240,aruco,4
4,2023-09-14 10:02:21.176557,image,240,none,5
4,2023-09-14 10:02:27.496686,image,240,qr,5
4,2023-09-14 10:02:33.347625,image,240,point,5
4,2023-09-14 10:02:39.579687,text_d,240,aruco,4
4,2023-09-14 10:02:45.672959,text_d,240,none,5
4,2023-09-14 10:02:51.816949,text_d,240,qr,3
4,2023-09-14 10:02:59.973956,text_d,240,point,4
4,2023-09-14 10:03:08.606085,text_w,200,aruco,5
4,2023-09-14 10:03:14.814151,text_w,200,none,5
4,2023-09-14 10:03:21.129105,text_w,200,qr,5
4,2023-09-14 10:03:27.278175,text_w,200,point,5
4,2023-09-14 10:03:33.398394,image,200,aruco,5
4,2023-09-14 10:03:39.638250,image,200,none,5
4,2023-09-14 10:03:45.830263,image,200,qr,5
4,2023-09-14 10:03:52.014332,image,200,point,5
4,2023-09-14 10:03:58.076206,text_d,200,aruco,4
4,2023-09-14 10:04:04.238391,text_d,200,none,5
4,2023-09-14 10:04:09.926374,text_d,200,qr,3
4,2023-09-14 10:04:16.222445,text_d,200,point,3
4,2023-09-14 10:04:24.577416,text_w,144,aruco,5
4,2023-09-14 10:04:30.822519,text_w,144,none,5
4,2023-09-14 10:04:36.894593,text_w,144,qr,5
4,2023-09-14 10:04:42.369539,text_w,144,point,5
4,2023-09-14 10:04:48.481581,image,144,aruco,5
4,2023-09-14 10:04:54.393659,image,144,none,5
4,2023-09-14 10:04:59.945625,image,144,qr,1
4,2023-09-14 10:05:07.273715,image,144,point,4
4,2023-09-14 10:05:13.513679,text_d,144,aruco,4
4,2023-09-14 10:05:19.049699,text_d,144,none,5
4,2023-09-14 10:05:25.210509,text_d,144,qr,3
4,2023-09-14 10:05:31.350868,text_d,144,point,3
4,2023-09-14 10:05:39.433846,text_d,120,aruco,2
4,2023-09-14 10:05:45.001855,text_d,120,none,5
4,2023-09-14 10:05:51.089978,text_d,120,point,1
4,2023-09-14 10:05:57.000532,text_d,120,qr,2
4,2023-09-14 10:06:03.028970,image,120,aruco,3
4,2023-09-14 10:06:09.167122,image,120,none,5
4,2023-09-14 10:06:15.306149,image,120,point,4
4,2023-09-14 10:06:21.314180,image,120,qr,4
4,2023-09-14 10:06:27.346207,text_w,120,aruco,5
4,2023-09-14 10:06:33.322253,text_w,120,none,5
4,2023-09-14 10:06:39.266242,text_w,120,point,5
4,2023-09-14 10:06:45.421125,text_w,120,qr,5
4,2023-09-14 10:06:53.674388,text_d,200,aruco,4
4,2023-09-14 10:06:59.559481,text_d,200,none,5
4,2023-09-14 10:07:05.642386,text_d,200,point,3
4,2023-09-14 10:07:12.775548,text_d,200,qr,4
4,2023-09-14 10:07:18.749373,image,200,aruco,5
4,2023-09-14 10:07:24.669375,image,200,none,5
4,2023-09-14 10:07:30.615665,image,200,point,5
4,2023-09-14 10:07:36.586630,image,200,qr,5
4,2023-09-14 10:07:42.850688,text_w,200,aruco,5
4,2023-09-14 10:07:49.439774,text_w,200,none,5
4,2023-09-14 10:07:55.530820,text_w,200,point,5
4,2023-09-14 10:08:01.466828,text_w,200,qr,5
4,2023-09-14 10:08:09.576592,text_d,144,aruco,3
4,2023-09-14 10:08:15.600694,text_d,144,none,5
4,2023-09-14 10:08:21.141778,text_d,144,point,2
4,2023-09-14 10:08:27.323022,text_d,144,qr,2
4,2023-09-14 10:08:33.901886,image,144,aruco,3
4,2023-09-14 10:08:39.931027,image,144,none,5
4,2023-09-14 10:08:45.510047,image,144,point,3
4,2023-09-14 10:08:51.422085,image,144,qr,3
4,2023-09-14 10:08:57.491245,text_w,144,aruco,5
4,2023-09-14 10:09:03.489779,text_w,144,none,5
4,2023-09-14 10:09:09.499297,text_w,144,point,5
4,2023-09-14 10:09:15.755355,text_w,144,qr,5
4,2023-09-14 10:09:23.996053,text_d,240,aruco,3
4,2023-09-14 10:09:29.963401,text_d,240,none,5
4,2023-09-14 10:09:36.070375,text_d,240,point,3
4,2023-09-14 10:09:42.299405,text_d,240,qr,2
4,2023-09-14 10:09:48.244227,image,240,aruco,5
4,2023-09-14 10:09:54.305366,image,240,none,5
4,2023-09-14 10:10:01.411673,image,240,point,2
4,2023-09-14 10:10:08.536753,image,240,qr,4
4,2023-09-14 10:10:14.992773,text_w,240,aruco,5
4,2023-09-14 10:10:21.091795,text_w,240,none,5
4,2023-09-14 10:10:27.267896,text_w,240,point,5
4,2023-09-14 10:10:33.459900,text_w,240,qr,5
4,2023-09-14 10:10:41.755867,text_w,240,qr,5
4,2023-09-14 10:10:47.892003,text_w,240,aruco,5
4,2023-09-14 10:10:54.214093,text_w,240,point,5
4,2023-09-14 10:11:00.772055,text_w,240,none,5
4,2023-09-14 10:11:09.218634,text_d,240,qr,4
4,2023-09-14 10:11:15.569863,text_d,240,aruco,4
4,2023-09-14 10:11:22.076123,text_d,240,point,4
4,2023-09-14 10:11:27.796183,text_d,240,none,5
4,2023-09-14 10:11:33.962791,image,240,qr,5
4,2023-09-14 10:11:40.188337,image,240,aruco,5
4,2023-09-14 10:11:46.223239,image,240,point,5
4,2023-09-14 10:11:52.020414,image,240,none,5
4,2023-09-14 10:12:00.825437,text_w,120,qr,5
4,2023-09-14 10:12:07.428496,text_w,120,aruco,5
4,2023-09-14 10:12:13.532526,text_w,120,point,5
4,2023-09-14 10:12:19.548546,text_w,120,none,5
4,2023-09-14 10:12:25.169740,text_d,120,qr,2
4,2023-09-14 10:12:30.857705,text_d,120,aruco,3
4,2023-09-14 10:12:38.761695,text_d,120,point,2
4,2023-09-14 10:12:44.988767,text_d,120,none,5
4,2023-09-14 10:12:52.900826,image,120,qr,1
4,2023-09-14 10:12:59.284916,image,120,aruco,3
4,2023-09-14 10:13:05.569984,image,120,point,3
4,2023-09-14 10:13:11.777938,image,120,none,5
4,2023-09-14 10:13:20.856579,text_w,200,qr,5
4,2023-09-14 10:13:27.106079,text_w,200,aruco,5
4,2023-09-14 10:13:33.114225,text_w,200,point,5
4,2023-09-14 10:13:39.858287,text_w,200,none,5
4,2023-09-14 10:13:45.410294,text_d,200,qr,3
4,2023-09-14 10:13:51.037257,text_d,200,aruco,3
4,2023-09-14 10:13:56.813334,text_d,200,point,2
4,2023-09-14 10:14:02.453350,text_d,200,none,5
4,2023-09-14 10:14:09.061443,image,200,qr,5
4,2023-09-14 10:14:14.669427,image,200,aruco,5
4,2023-09-14 10:14:20.410541,image,200,point,5
4,2023-09-14 10:14:26.026607,image,200,none,5
4,2023-09-14 10:14:33.834604,text_w,144,qr,5
4,2023-09-14 10:14:39.562671,text_w,144,aruco,5
4,2023-09-14 10:14:45.187424,text_w,144,point,5
4,2023-09-14 10:14:50.978743,text_w,144,none,5
4,2023-09-14 10:14:56.541697,text_d,144,qr,2
4,2023-09-14 10:15:02.122839,text_d,144,aruco,3
4,2023-09-14 10:15:07.714846,text_d,144,point,2
4,2023-09-14 10:15:13.242916,text_d,144,none,5
4,2023-09-14 10:15:20.010912,image,144,qr,4
4,2023-09-14 10:15:28.411003,image,144,aruco,2
4,2023-09-14 10:15:34.899034,image,144,point,5
4,2023-09-14 10:15:41.356625,image,144,none,5
3,2023-09-20 14:18:15.395781,image,144,qr,4
3,2023-09-20 14:18:21.962357,image,144,aruco,3
3,2023-09-20 14:18:28.067901,image,144,point,4
3,2023-09-20 14:18:33.627968,image,144,none,5
3,2023-09-20 14:18:40.112354,text_w,144,qr,4
3,2023-09-20 14:18:45.813510,text_w,144,aruco,5
3,2023-09-20 14:18:51.333502,text_w,144,point,5
3,2023-09-20 14:18:56.805536,text_w,144,none,5
3,2023-09-20 14:19:03.370572,text_d,144,qr,3
3,2023-09-20 14:19:09.781633,text_d,144,aruco,2
3,2023-09-20 14:19:16.778657,text_d,144,point,3
3,2023-09-20 14:19:22.162852,text_d,144,none,5
3,2023-09-20 14:19:29.810822,image,240,qr,5
3,2023-09-20 14:19:35.386858,image,240,aruco,5
3,2023-09-20 14:19:40.945392,image,240,point,5
3,2023-09-20 14:19:46.605772,image,240,none,5
3,2023-09-20 14:19:52.740335,text_w,240,qr,5
3,2023-09-20 14:19:58.413882,text_w,240,aruco,5
3,2023-09-20 14:20:03.917875,text_w,240,point,5
3,2023-09-20 14:20:09.629883,text_w,240,none,5
3,2023-09-20 14:20:15.197893,text_d,240,qr,4
3,2023-09-20 14:20:20.877805,text_d,240,aruco,5
3,2023-09-20 14:20:26.413941,text_d,240,point,4
3,2023-09-20 14:20:31.813860,text_d,240,none,5
3,2023-09-20 14:20:39.258903,image,200,qr,5
3,2023-09-20 14:20:44.858942,image,200,aruco,5
3,2023-09-20 14:20:50.310584,image,200,point,5
3,2023-09-20 14:20:55.950592,image,200,none,5
3,2023-09-20 14:21:01.674894,text_w,200,qr,5
3,2023-09-20 14:21:07.386954,text_w,200,aruco,5
3,2023-09-20 14:21:13.090883,text_w,200,point,5
3,2023-09-20 14:21:19.114962,text_w,200,none,5
3,2023-09-20 14:21:24.570977,text_d,200,qr,3
3,2023-09-20 14:21:30.514929,text_d,200,aruco,4
3,2023-09-20 14:21:35.866962,text_d,200,point,3
3,2023-09-20 14:21:41.299025,text_d,200,none,5
3,2023-09-20 14:21:49.315260,image,120,qr,1
3,2023-09-20 14:21:55.670264,image,120,aruco,3
3,2023-09-20 14:22:02.390514,image,120,point,2
3,2023-09-20 14:22:07.793478,image,120,none,5
3,2023-09-20 14:22:13.209600,text_w,120,qr,4
3,2023-09-20 14:22:18.582914,text_w,120,aruco,5
3,2023-09-20 14:22:24.180058,text_w,120,point,5
3,2023-09-20 14:22:29.575183,text_w,120,none,5
3,2023-09-20 14:22:37.597078,text_d,120,qr,3
3,2023-09-20 14:22:43.007504,text_d,120,aruco,2
3,2023-09-20 14:22:48.527625,text_d,120,point,3
3,2023-09-20 14:22:54.151652,text_d,120,none,5
3,2023-09-20 14:23:01.714623,text_d,200,qr,4
3,2023-09-20 14:23:07.211412,text_d,200,aruco,5
3,2023-09-20 14:23:12.680016,text_d,200,none,5
3,2023-09-20 14:23:18.093195,text_d,200,point,4
3,2023-09-20 14:23:26.358695,image,200,qr,4
3,2023-09-20 14:23:31.704250,image,200,aruco,5
3,2023-09-20 14:23:37.032236,image,200,none,5
3,2023-09-20 14:23:42.429520,image,200,point,5
3,2023-09-20 14:23:47.816540,text_w,200,qr,5
3,2023-09-20 14:23:53.419498,text_w,200,aruco,5
3,2023-09-20 14:23:58.824658,text_w,200,none,5
3,2023-09-20 14:24:04.312717,text_w,200,point,5
3,2023-09-20 14:24:11.784922,text_d,240,qr,4
3,2023-09-20 14:24:17.139829,text_d,240,aruco,5
3,2023-09-20 14:24:22.581993,text_d,240,none,5
3,2023-09-20 14:24:28.961048,text_d,240,point,4
3,2023-09-20 14:24:34.321078,image,240,qr,5
3,2023-09-20 14:24:39.713170,image,240,aruco,5
3,2023-09-20 14:24:45.185081,image,240,none,5
3,2023-09-20 14:24:50.609192,image,240,point,5
3,2023-09-20 14:24:56.089223,text_w,240,qr,5
3,2023-09-20 14:25:01.729321,text_w,240,aruco,5
3,2023-09-20 14:25:09.161358,text_w,240,none,5
3,2023-09-20 14:25:14.929406,text_w,240,point,5
3,2023-09-20 14:25:22.433446,text_d,144,qr,3
3,2023-09-20 14:25:27.977488,text_d,144,aruco,4
3,2023-09-20 14:25:33.513444,text_d,144,none,5
3,2023-09-20 14:25:41.800107,text_d,144,point,3
3,2023-09-20 14:25:47.169665,image,144,qr,5
3,2023-09-20 14:25:52.481626,image,144,aruco,4
3,2023-09-20 14:25:57.836607,image,144,none,5
3,2023-09-20 14:26:03.271560,image,144,point,5
3,2023-09-20 14:26:08.838860,text_w,144,qr,5
3,2023-09-20 14:26:14.596709,text_w,144,aruco,5
3,2023-09-20 14:26:20.244726,text_w,144,none,5
3,2023-09-20 14:26:25.769870,text_w,144,point,5
3,2023-09-20 14:26:34.922013,text_d,120,qr,4
3,2023-09-20 14:26:40.630986,text_d,120,aruco,5
3,2023-09-20 14:26:46.021551,text_d,120,none,5
3,2023-09-20 14:26:51.522067,text_d,120,point,3
3,2023-09-20 14:26:56.826118,image,120,qr,3
3,2023-09-20 14:27:02.143163,image,120,aruco,3
3,2023-09-20 14:27:07.447195,image,120,none,5
3,2023-09-20 14:27:12.770098,image,120,point,4
3,2023-09-20 14:27:18.410829,text_w,120,qr,5
3,2023-09-20 14:27:23.807266,text_w,120,aruco,5
3,2023-09-20 14:27:29.568007,text_w,120,none,5
3,2023-09-20 14:27:34.946233,text_w,120,point,5
3,2023-09-20 14:27:42.426261,image,120,none,5
3,2023-09-20 14:27:47.906223,image,120,point,5
3,2023-09-20 14:27:53.247361,image,120,qr,4
3,2023-09-20 14:27:58.543376,image,120,aruco,4
3,2023-09-20 14:28:03.978325,text_d,120,none,5
3,2023-09-20 14:28:10.719455,text_d,120,point,3
3,2023-09-20 14:28:16.744156,text_d,120,qr,4
3,2023-09-20 14:28:22.554451,text_d,120,aruco,3
3,2023-09-20 14:28:28.135557,text_w,120,none,5
3,2023-09-20 14:28:33.631582,text_w,120,point,5
3,2023-09-20 14:28:39.090563,text_w,120,qr,5
3,2023-09-20 14:28:46.130618,text_w,120,aruco,4
3,2023-09-20 14:28:53.586654,image,240,none,5
3,2023-09-20 14:28:58.938648,image,240,point,5
3,2023-09-20 14:29:04.295683,image,240,qr,5
3,2023-09-20 14:29:09.751762,image,240,aruco,5
3,2023-09-20 14:29:15.271778,text_d,240,none,5
3,2023-09-20 14:29:20.631746,text_d,240,point,5
3,2023-09-20 14:29:26.007794,text_d,240,qr,5
3,2023-09-20 14:29:31.359853,text_d,240,aruco,5
3,2023-09-20 14:29:36.823823,text_w,240,none,5
3,2023-09-20 14:29:42.227463,text_w,240,point,5
3,2023-09-20 14:29:47.695857,text_w,240,qr,5
3,2023-09-20 14:29:53.251484,text_w,240,aruco,5
3,2023-09-20 14:30:00.719961,image,144,none,5
3,2023-09-20 14:30:06.186871,image,144,point,5
3,2023-09-20 14:30:11.581761,image,144,qr,4
3,2023-09-20 14:30:17.057505,image,144,aruco,4
3,2023-09-20 14:30:22.445895,text_d,144,none,5
3,2023-09-20 14:30:28.464096,text_d,144,point,4
3,2023-09-20 14:30:34.208209,text_d,144,qr,4
3,2023-09-20 14:30:39.635194,text_d,144,aruco,4
3,2023-09-20 14:30:45.024284,text_w,144,none,5
3,2023-09-20 14:30:50.430148,text_w,144,point,5
3,2023-09-20 14:30:55.907468,text_w,144,qr,5
3,2023-09-20 14:31:01.355535,text_w,144,aruco,5
3,2023-09-20 14:31:08.856613,image,200,none,5
3,2023-09-20 14:31:14.496644,image,200,point,5
3,2023-09-20 14:31:19.827680,image,200,qr,5
3,2023-09-20 14:31:25.216744,image,200,aruco,5
3,2023-09-20 14:31:30.683781,text_d,200,none,5
3,2023-09-20 14:31:36.059876,text_d,200,point,5
3,2023-09-20 14:31:41.387896,text_d,200,qr,5
3,2023-09-20 14:31:46.835931,text_d,200,aruco,5
3,2023-09-20 14:31:52.635993,text_w,200,none,5
3,2023-09-20 14:31:59.164041,text_w,200,point,5
3,2023-09-20 14:32:05.009180,text_w,200,qr,5
3,2023-09-20 14:32:10.436165,text_w,200,aruco,5
7,2023-09-20 14:34:11.890306,text_d,120,qr,4
7,2023-09-20 14:34:17.429360,text_d,120,point,3
7,2023-09-20 14:34:23.141379,text_d,120,aruco,3
7,2023-09-20 14:34:28.754456,text_d,120,none,5
7,2023-09-20 14:34:34.165495,text_w,120,qr,5
7,2023-09-20 14:34:39.976407,text_w,120,point,5
7,2023-09-20 14:34:45.656463,text_w,120,aruco,5
7,2023-09-20 14:34:51.621606,text_w,120,none,5
7,2023-09-20 14:34:57.533644,image,120,qr,3
7,2023-09-20 14:35:03.069662,image,120,point,4
7,2023-09-20 14:35:08.501744,image,120,aruco,4
7,2023-09-20 14:35:14.125761,image,120,none,5
7,2023-09-20 14:35:24.136630,text_d,144,qr,3
7,2023-09-20 14:35:29.520708,text_d,144,point,3
7,2023-09-20 14:35:35.331073,text_d,144,aruco,4
7,2023-09-20 14:35:40.845976,text_d,144,none,5
7,2023-09-20 14:35:46.405992,text_w,144,qr,5
7,2023-09-20 14:35:51.784898,text_w,144,point,5
7,2023-09-20 14:35:57.157977,text_w,144,aruco,5
7,2023-09-20 14:36:02.646075,text_w,144,none,5
7,2023-09-20 14:36:08.126116,image,144,qr,4
7,2023-09-20 14:36:13.475196,image,144,point,5
7,2023-09-20 14:36:18.886153,image,144,aruco,4
7,2023-09-20 14:36:24.222239,image,144,none,5
7,2023-09-20 14:36:31.844789,text_d,240,qr,5
7,2023-09-20 14:36:37.246362,text_d,240,point,5
7,2023-09-20 14:36:42.774363,text_d,240,aruco,5
7,2023-09-20 14:36:48.142334,text_d,240,none,5
7,2023-09-20 14:36:54.171443,text_w,240,qr,5
7,2023-09-20 14:37:00.403490,text_w,240,point,5
7,2023-09-20 14:37:06.078461,text_w,240,aruco,5
7,2023-09-20 14:37:11.494479,text_w,240,none,5
7,2023-09-20 14:37:16.902592,image,240,qr,5
7,2023-09-20 14:37:22.289427,image,240,point,5
7,2023-09-20 14:37:27.694591,image,240,aruco,5
7,2023-09-20 14:37:33.878711,image,240,none,5
7,2023-09-20 14:37:41.507715,text_d,200,qr,4
7,2023-09-20 14:37:46.867749,text_d,200,point,4
7,2023-09-20 14:37:52.603748,text_d,200,aruco,5
7,2023-09-20 14:37:58.046728,text_d,200,none,5
7,2023-09-20 14:38:03.483742,text_w,200,qr,5
7,2023-09-20 14:38:08.851838,text_w,200,point,5
7,2023-09-20 14:38:14.483853,text_w,200,aruco,5
7,2023-09-20 14:38:19.926862,text_w,200,none,5
7,2023-09-20 14:38:28.102867,image,200,qr,4
7,2023-09-20 14:38:33.470881,image,200,point,5
7,2023-09-20 14:38:38.814887,image,200,aruco,5
7,2023-09-20 14:38:44.182973,image,200,none,5
7,2023-09-20 14:38:51.639109,image,240,point,5
7,2023-09-20 14:38:57.092243,image,240,aruco,5
7,2023-09-20 14:39:02.607114,image,240,none,5
7,2023-09-20 14:39:08.079137,image,240,qr,5
7,2023-09-20 14:39:13.463140,text_d,240,point,5
7,2023-09-20 14:39:18.823181,text_d,240,aruco,5
7,2023-09-20 14:39:24.207234,text_d,240,none,5
7,2023-09-20 14:39:29.663219,text_d,240,qr,4
7,2023-09-20 14:39:35.524300,text_w,240,point,5
7,2023-09-20 14:39:40.964351,text_w,240,aruco,5
7,2023-09-20 14:39:46.471356,text_w,240,none,5
7,2023-09-20 14:39:51.908483,text_w,240,qr,5
7,2023-09-20 14:39:59.719452,image,120,point,5
7,2023-09-20 14:40:05.381917,image,120,aruco,4
7,2023-09-20 14:40:10.887473,image,120,none,5
7,2023-09-20 14:40:16.231492,image,120,qr,4
7,2023-09-20 14:40:21.607544,text_d,120,point,3
7,2023-09-20 14:40:27.047573,text_d,120,aruco,4
7,2023-09-20 14:40:32.423561,text_d,120,none,5
7,2023-09-20 14:40:37.863605,text_d,120,qr,3
7,2023-09-20 14:40:43.255635,text_w,120,point,5
7,2023-09-20 14:40:48.639602,text_w,120,aruco,5
7,2023-09-20 14:40:54.175662,text_w,120,none,5
7,2023-09-20 14:40:59.687709,text_w,120,qr,5
7,2023-09-20 14:41:07.181519,image,200,point,5
7,2023-09-20 14:41:12.748844,image,200,aruco,5
7,2023-09-20 14:41:18.164901,image,200,none,5
7,2023-09-20 14:41:23.577972,image,200,qr,5
7,2023-09-20 14:41:29.332952,text_d,200,point,4
7,2023-09-20 14:41:34.695924,text_d,200,aruco,5
7,2023-09-20 14:41:40.063857,text_d,200,none,5
7,2023-09-20 14:41:45.594815,text_d,200,qr,4
7,2023-09-20 14:41:52.357010,text_w,200,point,5
7,2023-09-20 14:41:57.781725,text_w,200,aruco,5
7,2023-09-20 14:42:03.253159,text_w,200,none,5
7,2023-09-20 14:42:08.765186,text_w,200,qr,5
7,2023-09-20 14:42:16.548987,image,144,point,5
7,2023-09-20 14:42:21.975926,image,144,aruco,5
7,2023-09-20 14:42:27.466905,image,144,none,5
7,2023-09-20 14:42:32.962935,image,144,qr,5
7,2023-09-20 14:42:38.487936,text_d,144,point,4
7,2023-09-20 14:42:44.157111,text_d,144,aruco,4
7,2023-09-20 14:42:49.547025,text_d,144,none,5
7,2023-09-20 14:42:54.909151,text_d,144,qr,3
7,2023-09-20 14:43:00.403033,text_w,144,point,5
7,2023-09-20 14:43:06.176156,text_w,144,aruco,5
7,2023-09-20 14:43:11.955095,text_w,144,none,4
7,2023-09-20 14:43:17.293387,text_w,144,qr,5
7,2023-09-20 14:43:24.672358,text_w,144,none,5
7,2023-09-20 14:43:30.496424,text_w,144,qr,5
7,2023-09-20 14:43:35.896425,text_w,144,point,5
7,2023-09-20 14:43:41.307270,text_w,144,aruco,5
7,2023-09-20 14:43:46.672468,image,144,none,5
7,2023-09-20 14:43:52.024559,image,144,qr,5
7,2023-09-20 14:43:57.336538,image,144,point,5
7,2023-09-20 14:44:02.717609,image,144,aruco,5
7,2023-09-20 14:44:08.251416,text_d,144,none,5
7,2023-09-20 14:44:13.827451,text_d,144,qr,4
7,2023-09-20 14:44:19.200618,text_d,144,point,3
7,2023-09-20 14:44:24.533717,text_d,144,aruco,4
7,2023-09-20 14:44:31.988317,text_w,240,none,5
7,2023-09-20 14:44:37.440768,text_w,240,qr,5
7,2023-09-20 14:44:42.808773,text_w,240,point,5
7,2023-09-20 14:44:48.248869,text_w,240,aruco,5
7,2023-09-20 14:44:53.733834,image,240,none,5
7,2023-09-20 14:44:59.189842,image,240,qr,5
7,2023-09-20 14:45:04.635805,image,240,point,5
7,2023-09-20 14:45:10.139695,image,240,aruco,5
7,2023-09-20 14:45:15.765815,text_d,240,none,5
7,2023-09-20 14:45:21.251741,text_d,240,qr,5
7,2023-09-20 14:45:27.032925,text_d,240,point,4
7,2023-09-20 14:45:32.505006,text_d,240,aruco,5
7,2023-09-20 14:45:39.937676,text_w,200,none,5
7,2023-09-20 14:45:45.382120,text_w,200,qr,5
7,2023-09-20 14:45:51.126163,text_w,200,point,5
7,2023-09-20 14:45:56.606169,text_w,200,aruco,5
7,2023-09-20 14:46:01.945092,image,200,none,5
7,2023-09-20 14:46:07.262218,image,200,qr,5
7,2023-09-20 14:46:12.646254,image,200,point,5
7,2023-09-20 14:46:18.713135,image,200,aruco,5
7,2023-09-20 14:46:24.772001,text_d,200,none,5
7,2023-09-20 14:46:30.673186,text_d,200,qr,4
7,2023-09-20 14:46:36.033224,text_d,200,point,4
7,2023-09-20 14:46:41.425257,text_d,200,aruco,5
7,2023-09-20 14:47:08.590425,text_w,120,none,5
7,2023-09-20 14:47:14.822472,text_w,120,qr,5
7,2023-09-20 14:47:24.723684,text_w,120,point,5
7,2023-09-20 14:47:38.625775,text_w,120,aruco,5
7,2023-09-20 14:47:45.732863,image,120,none,5
7,2023-09-20 14:47:51.042087,image,120,qr,4
7,2023-09-20 14:47:56.378163,image,120,point,4
7,2023-09-20 14:48:01.663306,image,120,aruco,4
7,2023-09-20 14:48:07.215294,text_d,120,none,5
7,2023-09-20 14:48:12.687380,text_d,120,qr,3
7,2023-09-20 14:48:18.063560,text_d,120,point,2
7,2023-09-20 14:48:23.551688,text_d,120,aruco,3
6,2023-09-29 11:17:43.224524,text_w,120,point,5
6,2023-09-29 11:17:51.091538,text_w,120,none,5
6,2023-09-29 11:17:57.496719,text_w,120,aruco,5
6,2023-09-29 11:18:04.190532,text_w,120,qr,5
6,2023-09-29 11:18:10.064683,image,120,point,5
6,2023-09-29 11:18:15.923710,image,120,none,5
6,2023-09-29 11:18:21.904809,image,120,aruco,5
6,2023-09-29 11:18:28.046609,image,120,qr,5
6,2023-09-29 11:18:37.616768,text_d,120,point,3
6,2023-09-29 11:18:44.520747,text_d,120,none,5
6,2023-09-29 11:18:51.646635,text_d,120,aruco,3
6,2023-09-29 11:18:58.422661,text_d,120,qr,3
6,2023-09-29 11:19:07.230752,text_w,144,point,5
6,2023-09-29 11:19:13.224919,text_w,144,none,5
6,2023-09-29 11:19:19.430811,text_w,144,aruco,5
6,2023-09-29 11:19:25.926811,text_w,144,qr,5
6,2023-09-29 11:19:32.590813,image,144,point,5
6,2023-09-29 11:19:39.321002,image,144,none,5
6,2023-09-29 11:19:46.561055,image,144,aruco,5
6,2023-09-29 11:19:53.676652,image,144,qr,4
6,2023-09-29 11:20:03.505140,text_d,144,point,3
6,2023-09-29 11:20:10.404023,text_d,144,none,5
6,2023-09-29 11:20:16.465181,text_d,144,aruco,3
6,2023-09-29 11:20:23.966934,text_d,144,qr,2
6,2023-09-29 11:20:32.457147,text_w,200,point,5
6,2023-09-29 11:20:38.313224,text_w,200,none,5
6,2023-09-29 11:20:44.716179,text_w,200,aruco,5
6,2023-09-29 11:20:50.919080,text_w,200,qr,5
6,2023-09-29 11:20:57.345338,image,200,point,5
6,2023-09-29 11:21:03.719116,image,200,none,5
6,2023-09-29 11:21:09.886428,image,200,aruco,5
6,2023-09-29 11:21:15.849439,image,200,qr,5
6,2023-09-29 11:21:24.697474,text_d,200,point,4
6,2023-09-29 11:21:30.625646,text_d,200,none,5
6,2023-09-29 11:21:38.272235,text_d,200,aruco,4
6,2023-09-29 11:21:44.740759,text_d,200,qr,3
6,2023-09-29 11:21:54.113890,text_w,240,point,5
6,2023-09-29 11:22:00.908895,text_w,240,none,5
6,2023-09-29 11:22:07.482023,text_w,240,aruco,5
6,2023-09-29 11:22:13.546072,text_w,240,qr,5
6,2023-09-29 11:22:21.050244,image,240,point,5
6,2023-09-29 11:22:27.242237,image,240,none,5
6,2023-09-29 11:22:33.171778,image,240,aruco,5
6,2023-09-29 11:22:39.133406,image,240,qr,5
6,2023-09-29 11:22:45.257086,text_d,240,point,3
6,2023-09-29 11:22:51.240396,text_d,240,none,5
6,2023-09-29 11:22:57.677653,text_d,240,aruco,4
6,2023-09-29 11:23:04.061706,text_d,240,qr,2
6,2023-09-29 11:23:12.746670,text_d,240,qr,3
6,2023-09-29 11:23:18.642758,text_d,240,point,3
6,2023-09-29 11:23:24.884359,text_d,240,aruco,3
6,2023-09-29 11:23:30.773960,text_d,240,none,5
6,2023-09-29 11:23:37.027091,text_w,240,qr,5
6,2023-09-29 11:23:42.918098,text_w,240,point,5
6,2023-09-29 11:23:48.995203,text_w,240,aruco,5
6,2023-09-29 11:23:55.374196,text_w,240,none,5
6,2023-09-29 11:24:02.076114,image,240,qr,5
6,2023-09-29 11:24:08.006323,image,240,point,5
6,2023-09-29 11:24:13.910381,image,240,aruco,5
6,2023-09-29 11:24:19.660905,image,240,none,5
6,2023-09-29 11:24:28.894544,text_d,120,qr,2
6,2023-09-29 11:24:34.870594,text_d,120,point,2
6,2023-09-29 11:24:40.902663,text_d,120,aruco,1
6,2023-09-29 11:24:46.702703,text_d,120,none,5
6,2023-09-29 11:24:55.990793,text_w,120,qr,4
6,2023-09-29 11:25:02.806825,text_w,120,point,5
6,2023-09-29 11:25:08.518869,text_w,120,aruco,5
6,2023-09-29 11:25:14.654859,text_w,120,none,5
6,2023-09-29 11:25:20.927018,image,120,qr,4
6,2023-09-29 11:25:27.308810,image,120,point,5
6,2023-09-29 11:25:33.348159,image,120,aruco,4
6,2023-09-29 11:25:39.391122,image,120,none,5
6,2023-09-29 11:25:47.612359,text_d,200,qr,3
6,2023-09-29 11:25:53.767325,text_d,200,point,3
6,2023-09-29 11:26:00.076448,text_d,200,aruco,3
6,2023-09-29 11:26:05.791365,text_d,200,none,5
6,2023-09-29 11:26:11.439532,text_w,200,qr,5
6,2023-09-29 11:26:17.119546,text_w,200,point,5
6,2023-09-29 11:26:22.900655,text_w,200,aruco,5
6,2023-09-29 11:26:28.652716,text_w,200,none,5
6,2023-09-29 11:26:34.484743,image,200,qr,5
6,2023-09-29 11:26:40.796832,image,200,point,5
6,2023-09-29 11:26:46.791810,image,200,aruco,5
6,2023-09-29 11:26:53.252867,image,200,none,5
6,2023-09-29 11:27:01.228928,text_d,144,qr,2
6,2023-09-29 11:27:06.927999,text_d,144,point,1
6,2023-09-29 11:27:12.528016,text_d,144,aruco,2
6,2023-09-29 11:27:18.232048,text_d,144,none,5
6,2023-09-29 11:27:23.976100,text_w,144,qr,5
6,2023-09-29 11:27:29.680183,text_w,144,point,5
6,2023-09-29 11:27:35.267094,text_w,144,aruco,5
6,2023-09-29 11:27:40.899137,text_w,144,none,5
6,2023-09-29 11:27:47.840241,image,144,qr,4
6,2023-09-29 11:27:53.835242,image,144,point,4
6,2023-09-29 11:27:59.840419,image,144,aruco,4
6,2023-09-29 11:28:05.888471,image,144,none,5
6,2023-09-29 11:28:13.688478,image,120,aruco,4
6,2023-09-29 11:28:22.267399,image,120,point,4
6,2023-09-29 11:28:29.939388,image,120,qr,4
6,2023-09-29 11:28:36.008522,image,120,none,5
6,2023-09-29 11:28:44.751174,text_d,120,aruco,3
6,2023-09-29 11:28:50.741812,text_d,120,point,2
6,2023-09-29 11:28:56.351322,text_d,120,qr,1
6,2023-09-29 11:29:02.533802,text_d,120,none,5
6,2023-09-29 11:29:08.960732,text_w,120,aruco,5
6,2023-09-29 11:29:15.555730,text_w,120,point,5
6,2023-09-29 11:29:21.234904,text_w,120,qr,5
6,2023-09-29 11:29:27.107101,text_w,120,none,5
6,2023-09-29 11:29:35.534123,image,200,aruco,4
6,2023-09-29 11:29:41.473115,image,200,point,5
6,2023-09-29 11:29:50.593149,image,200,qr,4
6,2023-09-29 11:29:57.361853,image,200,none,5
6,2023-09-29 11:30:03.654289,text_d,200,aruco,3
6,2023-09-29 11:30:09.137201,text_d,200,point,2
6,2023-09-29 11:30:14.681349,text_d,200,qr,1
6,2023-09-29 11:30:20.529461,text_d,200,none,5
6,2023-09-29 11:30:26.089463,text_w,200,aruco,5
6,2023-09-29 11:30:32.086472,text_w,200,point,5
6,2023-09-29 11:30:37.865513,text_w,200,qr,5
6,2023-09-29 11:30:43.689565,text_w,200,none,5
6,2023-09-29 11:30:52.548568,image,144,aruco,4
6,2023-09-29 11:30:58.601625,image,144,point,4
6,2023-09-29 11:31:04.585634,image,144,qr,4
6,2023-09-29 11:31:10.889714,image,144,none,5
6,2023-09-29 11:31:17.630791,text_d,144,aruco,2
6,2023-09-29 11:31:24.982869,text_d,144,point,2
6,2023-09-29 11:31:30.646893,text_d,144,qr,1
6,2023-09-29 11:31:36.638986,text_d,144,none,5
6,2023-09-29 11:31:43.318991,text_w,144,aruco,5
6,2023-09-29 11:31:49.399054,text_w,144,point,5
6,2023-09-29 11:31:55.215086,text_w,144,qr,5
6,2023-09-29 11:32:01.303082,text_w,144,none,5
6,2023-09-29 11:32:10.367217,image,240,aruco,4
6,2023-09-29 11:32:16.815102,image,240,point,5
6,2023-09-29 11:32:22.783218,image,240,qr,5
6,2023-09-29 11:32:28.584765,image,240,none,5
6,2023-09-29 11:32:34.282317,text_d,240,aruco,4
6,2023-09-29 11:32:39.730266,text_d,240,point,3
6,2023-09-29 11:32:45.666360,text_d,240,qr,2
6,2023-09-29 11:32:52.218356,text_d,240,none,5
6,2023-09-29 11:32:58.196500,text_w,240,aruco,5
6,2023-09-29 11:33:04.164519,text_w,240,point,5
6,2023-09-29 11:33:09.959571,text_w,240,qr,5
6,2023-09-29 11:33:15.879589,text_w,240,none,5
8,2023-10-26 10:16:26.400727,text_w,144,point,5
8,2023-10-26 10:16:32.813759,text_w,144,qr,5
8,2023-10-26 10:16:39.129442,text_w,144,none,5
8,2023-10-26 10:16:45.433470,text_w,144,aruco,5
8,2023-10-26 10:16:51.808746,image,144,point,5
8,2023-10-26 10:16:58.416824,image,144,qr,5
8,2023-10-26 10:17:05.024919,image,144,none,5
8,2023-10-26 10:17:12.000763,image,144,aruco,5
8,2023-10-26 10:17:22.464913,text_d,144,point,3
8,2023-10-26 10:17:31.125922,text_d,144,qr,3
8,2023-10-26 10:17:37.657100,text_d,144,none,5
8,2023-10-26 10:17:53.697742,text_d,144,aruco,3
8,2023-10-26 10:18:01.993184,text_w,240,point,5
8,2023-10-26 10:18:08.329288,text_w,240,qr,5
8,2023-10-26 10:18:14.705208,text_w,240,none,5
8,2023-10-26 10:18:25.599765,text_w,240,aruco,2
8,2023-10-26 10:18:32.046414,image,240,point,5
8,2023-10-26 10:18:38.572071,image,240,qr,5
8,2023-10-26 10:18:48.942281,image,240,none,5
8,2023-10-26 10:18:55.313286,image,240,aruco,5
8,2023-10-26 10:19:01.542379,text_d,240,point,4
8,2023-10-26 10:19:08.134536,text_d,240,qr,3
8,2023-10-26 10:19:14.817393,text_d,240,none,5
8,2023-10-26 10:19:21.140296,text_d,240,aruco,4
8,2023-10-26 10:19:29.473447,text_w,200,point,5
8,2023-10-26 10:19:35.886601,text_w,200,qr,5
8,2023-10-26 10:19:42.300382,text_w,200,none,5
8,2023-10-26 10:19:48.878649,text_w,200,aruco,5
8,2023-10-26 10:19:55.441623,image,200,point,5
8,2023-10-26 10:20:01.897649,image,200,qr,5
8,2023-10-26 10:20:08.617668,image,200,none,5
8,2023-10-26 10:20:15.166716,image,200,aruco,5
8,2023-10-26 10:20:22.262801,text_d,200,point,4
8,2023-10-26 10:20:28.022845,text_d,200,qr,3
8,2023-10-26 10:20:33.673813,text_d,200,none,5
8,2023-10-26 10:20:39.724648,text_d,200,aruco,4
8,2023-10-26 10:20:47.510892,text_w,120,point,4
8,2023-10-26 10:20:53.561850,text_w,120,qr,5
8,2023-10-26 10:20:59.247694,text_w,120,none,5
8,2023-10-26 10:21:04.705852,text_w,120,aruco,5
8,2023-10-26 10:21:10.710911,image,120,point,5
8,2023-10-26 10:21:16.598932,image,120,qr,4
8,2023-10-26 10:21:22.487760,image,120,none,5
8,2023-10-26 10:21:27.975151,image,120,aruco,4
8,2023-10-26 10:21:33.746021,text_d,120,point,4
8,2023-10-26 10:21:39.332907,text_d,120,qr,2
8,2023-10-26 10:21:45.096506,text_d,120,none,5
8,2023-10-26 10:21:53.058038,text_d,120,aruco,3
8,2023-10-26 10:22:00.647148,image,120,aruco,4
8,2023-10-26 10:22:06.919157,image,120,none,5
8,2023-10-26 10:22:12.527024,image,120,qr,4
8,2023-10-26 10:22:18.495219,image,120,point,4
8,2023-10-26 10:22:25.079269,text_d,120,aruco,4
8,2023-10-26 10:22:30.735189,text_d,120,none,5
8,2023-10-26 10:22:36.651032,text_d,120,qr,3
8,2023-10-26 10:22:42.703344,text_d,120,point,3
8,2023-10-26 10:22:49.037119,text_w,120,aruco,5
8,2023-10-26 10:22:54.783349,text_w,120,none,5
8,2023-10-26 10:23:01.208082,text_w,120,qr,5
8,2023-10-26 10:23:07.101290,text_w,120,point,5
8,2023-10-26 10:23:14.866491,image,200,aruco,5
8,2023-10-26 10:23:20.671601,image,200,none,5
8,2023-10-26 10:23:26.162452,image,200,qr,4
8,2023-10-26 10:23:31.927653,image,200,point,5
8,2023-10-26 10:23:38.162505,text_d,200,aruco,4
8,2023-10-26 10:23:43.898462,text_d,200,none,5
8,2023-10-26 10:23:49.903617,text_d,200,qr,4
8,2023-10-26 10:23:55.567513,text_d,200,point,3
8,2023-10-26 10:24:02.263528,text_w,200,aruco,5
8,2023-10-26 10:24:08.359511,text_w,200,none,5
8,2023-10-26 10:24:14.039537,text_w,200,qr,5
8,2023-10-26 10:24:19.850473,text_w,200,point,5
8,2023-10-26 10:24:28.285414,image,240,aruco,5
8,2023-10-26 10:24:34.119769,image,240,none,5
8,2023-10-26 10:24:39.774286,image,240,qr,5
8,2023-10-26 10:24:45.354715,image,240,point,5
8,2023-10-26 10:24:51.066702,text_d,240,aruco,4
8,2023-10-26 10:24:56.994748,text_d,240,none,5
8,2023-10-26 10:25:03.002728,text_d,240,qr,4
8,2023-10-26 10:25:08.690806,text_d,240,point,3
8,2023-10-26 10:25:14.322791,text_w,240,aruco,5
8,2023-10-26 10:25:19.962819,text_w,240,none,5
8,2023-10-26 10:25:25.634888,text_w,240,qr,5
8,2023-10-26 10:25:31.206458,text_w,240,point,5
8,2023-10-26 10:25:39.037793,image,144,aruco,4
8,2023-10-26 10:25:45.119995,image,144,none,5
8,2023-10-26 10:25:50.754911,image,144,qr,4
8,2023-10-26 10:25:56.261805,image,144,point,4
8,2023-10-26 10:26:01.826909,text_d,144,aruco,3
8,2023-10-26 10:26:07.615998,text_d,144,none,5
8,2023-10-26 10:26:13.346942,text_d,144,qr,3
8,2023-10-26 10:26:18.821832,text_d,144,point,2
8,2023-10-26 10:26:24.483063,text_w,144,aruco,5
8,2023-10-26 10:26:30.149095,text_w,144,none,5
8,2023-10-26 10:26:35.832007,text_w,144,qr,5
8,2023-10-26 10:26:41.251015,text_w,144,point,5
8,2023-10-26 10:26:49.094043,image,120,point,4
8,2023-10-26 10:26:54.515203,image,120,aruco,4
8,2023-10-26 10:27:00.219151,image,120,qr,4
8,2023-10-26 10:27:05.691244,image,120,none,5
8,2023-10-26 10:27:11.416253,text_d,120,point,3
8,2023-10-26 10:27:17.112237,text_d,120,aruco,3
8,2023-10-26 10:27:25.160177,text_d,120,qr,2
8,2023-10-26 10:27:31.312323,text_d,120,none,5
8,2023-10-26 10:27:37.112366,text_w,120,point,5
8,2023-10-26 10:27:42.696361,text_w,120,aruco,5
8,2023-10-26 10:27:48.350996,text_w,120,qr,5
8,2023-10-26 10:27:53.915400,text_w,120,none,5
8,2023-10-26 10:28:02.083409,image,240,point,5
8,2023-10-26 10:28:08.656505,image,240,aruco,5
8,2023-10-26 10:28:14.816488,image,240,qr,5
8,2023-10-26 10:28:20.672608,image,240,none,5
8,2023-10-26 10:28:26.179599,text_d,240,point,4
8,2023-10-26 10:28:31.739607,text_d,240,aruco,3
8,2023-10-26 10:28:37.123973,text_d,240,qr,2
8,2023-10-26 10:28:42.643618,text_d,240,none,5
8,2023-10-26 10:28:48.883643,text_w,240,point,5
8,2023-10-26 10:28:54.736640,text_w,240,aruco,5
8,2023-10-26 10:29:00.387661,text_w,240,qr,5
8,2023-10-26 10:29:06.043669,text_w,240,none,5
8,2023-10-26 10:29:13.571681,image,200,point,5
8,2023-10-26 10:29:19.739773,image,200,aruco,5
8,2023-10-26 10:29:25.610181,image,200,qr,5
8,2023-10-26 10:29:31.171773,image,200,none,5
8,2023-10-26 10:29:37.642194,text_d,200,point,3
8,2023-10-26 10:29:43.011693,text_d,200,aruco,2
8,2023-10-26 10:29:48.534542,text_d,200,qr,2
8,2023-10-26 10:29:55.480822,text_d,200,none,5
8,2023-10-26 10:30:02.574635,text_w,200,point,4
8,2023-10-26 10:30:08.723809,text_w,200,aruco,5
8,2023-10-26 10:30:14.411848,text_w,200,qr,5
8,2023-10-26 10:30:20.139835,text_w,200,none,5
8,2023-10-26 10:30:27.728874,image,144,point,4
8,2023-10-26 10:30:33.472918,image,144,aruco,4
8,2023-10-26 10:30:38.928961,image,144,qr,3
8,2023-10-26 10:30:44.384972,image,144,none,5
8,2023-10-26 10:30:49.668002,text_d,144,point,3
8,2023-10-26 10:30:55.105051,text_d,144,aruco,2
8,2023-10-26 10:31:00.628028,text_d,144,qr,2
8,2023-10-26 10:31:06.307983,text_d,144,none,5
8,2023-10-26 10:31:11.768926,text_w,144,point,5
8,2023-10-26 10:31:17.425088,text_w,144,aruco,5
8,2023-10-26 10:31:22.822250,text_w,144,qr,4
8,2023-10-26 10:31:28.462161,text_w,144,none,5
9,2023-10-26 12:06:37.198061,image,240,aruco,5
9,2023-10-26 12:06:43.819198,image,240,none,5
9,2023-10-26 12:06:51.459227,image,240,point,5
9,2023-10-26 12:06:57.728301,image,240,qr,5
9,2023-10-26 12:07:05.723214,text_w,240,aruco,5
9,2023-10-26 12:07:11.595976,text_w,240,none,5
9,2023-10-26 12:07:17.760475,text_w,240,point,5
9,2023-10-26 12:07:23.795422,text_w,240,qr,5
9,2023-10-26 12:07:31.607069,text_d,240,aruco,5
9,2023-10-26 12:07:40.739639,text_d,240,none,4
9,2023-10-26 12:07:47.859689,text_d,240,point,4
9,2023-10-26 12:07:56.243685,text_d,240,qr,3
9,2023-10-26 12:08:06.115750,image,200,aruco,4
9,2023-10-26 12:08:12.086653,image,200,none,4
9,2023-10-26 12:08:19.104899,image,200,point,4
9,2023-10-26 12:08:25.982726,image,200,qr,4
9,2023-10-26 12:08:32.982841,text_w,200,aruco,4
9,2023-10-26 12:08:39.318852,text_w,200,none,4
9,2023-10-26 12:08:45.473206,text_w,200,point,4
9,2023-10-26 12:08:51.796155,text_w,200,qr,4
9,2023-10-26 12:08:58.108111,text_d,200,aruco,3
9,2023-10-26 12:09:11.591860,text_d,200,none,1
9,2023-10-26 12:09:17.887932,text_d,200,point,3
9,2023-10-26 12:09:24.396389,text_d,200,qr,4
9,2023-10-26 12:09:34.700363,image,144,aruco,3
9,2023-10-26 12:09:41.611035,image,144,none,5
9,2023-10-26 12:09:47.924563,image,144,point,5
9,2023-10-26 12:09:56.479557,image,144,qr,5
9,2023-10-26 12:10:02.636734,text_w,144,aruco,5
9,2023-10-26 12:10:08.319673,text_w,144,none,5
9,2023-10-26 12:10:15.284843,text_w,144,point,5
9,2023-10-26 12:10:21.660874,text_w,144,qr,4
9,2023-10-26 12:10:28.124911,text_d,144,aruco,3
9,2023-10-26 12:10:36.404997,text_d,144,none,1
9,2023-10-26 12:10:41.965029,text_d,144,point,3
9,2023-10-26 12:10:48.045104,text_d,144,qr,2
9,2023-10-26 12:10:56.949044,image,120,aruco,5
9,2023-10-26 12:11:04.245193,image,120,none,5
9,2023-10-26 12:11:10.706339,image,120,point,4
9,2023-10-26 12:11:16.626406,image,120,qr,4
9,2023-10-26 12:11:23.125306,text_w,120,aruco,5
9,2023-10-26 12:11:30.027934,text_w,120,none,5
9,2023-10-26 12:11:36.805439,text_w,120,point,5
9,2023-10-26 12:11:45.418570,text_w,120,qr,5
9,2023-10-26 12:11:51.314594,text_d,120,aruco,3
9,2023-10-26 12:11:58.024477,text_d,120,none,1
9,2023-10-26 12:12:08.701642,text_d,120,point,3
9,2023-10-26 12:12:14.565678,text_d,120,qr,2
9,2023-10-26 12:12:22.682856,text_d,120,aruco,2
9,2023-10-26 12:12:28.306902,text_d,120,none,1
9,2023-10-26 12:12:35.552792,text_d,120,qr,2
9,2023-10-26 12:12:42.699090,text_d,120,point,2
9,2023-10-26 12:12:49.952973,text_w,120,aruco,5
9,2023-10-26 12:12:55.592890,text_w,120,none,5
9,2023-10-26 12:13:01.984911,text_w,120,qr,5
9,2023-10-26 12:13:08.526145,text_w,120,point,5
9,2023-10-26 12:13:17.510245,image,120,aruco,5
9,2023-10-26 12:13:23.955340,image,120,none,5
9,2023-10-26 12:13:30.944463,image,120,qr,5
9,2023-10-26 12:13:37.291477,image,120,point,5
9,2023-10-26 12:13:45.267613,text_d,240,aruco,4
9,2023-10-26 12:13:51.921288,text_d,240,none,5
9,2023-10-26 12:13:59.462618,text_d,240,qr,3
9,2023-10-26 12:14:05.531697,text_d,240,point,3
9,2023-10-26 12:14:12.646764,text_w,240,aruco,5
9,2023-10-26 12:14:21.542804,text_w,240,none,5
9,2023-10-26 12:14:28.822802,text_w,240,qr,5
9,2023-10-26 12:14:37.699963,text_w,240,point,5
9,2023-10-26 12:14:44.260055,image,240,aruco,5
9,2023-10-26 12:14:52.412816,image,240,none,5
9,2023-10-26 12:14:58.375146,image,240,qr,5
9,2023-10-26 12:15:04.333677,image,240,point,5
9,2023-10-26 12:15:12.498729,text_d,200,aruco,4
9,2023-10-26 12:15:18.522079,text_d,200,none,5
9,2023-10-26 12:15:25.268153,text_d,200,qr,4
9,2023-10-26 12:15:31.434108,text_d,200,point,3
9,2023-10-26 12:15:37.751241,text_w,200,aruco,5
9,2023-10-26 12:15:43.818166,text_w,200,none,5
9,2023-10-26 12:15:49.810300,text_w,200,qr,5
9,2023-10-26 12:15:55.930333,text_w,200,point,5
9,2023-10-26 12:16:03.177702,image,200,aruco,5
9,2023-10-26 12:16:09.287668,image,200,none,5
9,2023-10-26 12:16:15.256366,image,200,qr,2
9,2023-10-26 12:16:21.439744,image,200,point,5
9,2023-10-26 12:16:29.264403,text_d,144,aruco,3
9,2023-10-26 12:16:35.503769,text_d,144,none,5
9,2023-10-26 12:16:41.780909,text_d,144,qr,3
9,2023-10-26 12:16:47.773751,text_d,144,point,2
9,2023-10-26 12:16:53.656037,text_w,144,aruco,5
9,2023-10-26 12:17:00.048015,text_w,144,none,5
9,2023-10-26 12:17:07.528136,text_w,144,qr,5
9,2023-10-26 12:17:14.656212,text_w,144,point,5
9,2023-10-26 12:17:21.448229,image,144,aruco,5
9,2023-10-26 12:17:28.672260,image,144,none,5
9,2023-10-26 12:17:34.472317,image,144,qr,4
9,2023-10-26 12:17:40.264377,image,144,point,5
9,2023-10-26 12:17:49.043365,text_w,200,none,5
9,2023-10-26 12:17:55.888533,text_w,200,point,5
9,2023-10-26 12:18:04.504599,text_w,200,aruco,5
9,2023-10-26 12:18:10.696633,text_w,200,qr,5
9,2023-10-26 12:18:17.952725,text_d,200,none,5
9,2023-10-26 12:18:24.240655,text_d,200,point,3
9,2023-10-26 12:18:30.456608,text_d,200,aruco,2
9,2023-10-26 12:18:35.981838,text_d,200,qr,1
9,2023-10-26 12:18:44.165967,image,200,none,5
9,2023-10-26 12:18:50.776799,image,200,point,5
9,2023-10-26 12:18:57.320887,image,200,aruco,5
9,2023-10-26 12:19:04.406031,image,200,qr,5
9,2023-10-26 12:19:12.990149,text_w,240,none,4
9,2023-10-26 12:19:19.062140,text_w,240,point,5
9,2023-10-26 12:19:25.446355,text_w,240,aruco,5
9,2023-10-26 12:19:31.857344,text_w,240,qr,5
9,2023-10-26 12:19:39.719066,text_d,240,none,5
9,2023-10-26 12:19:46.486387,text_d,240,point,4
9,2023-10-26 12:19:51.996249,text_d,240,aruco,3
9,2023-10-26 12:19:57.358325,text_d,240,qr,2
9,2023-10-26 12:20:03.462494,image,240,none,5
9,2023-10-26 12:20:09.761485,image,240,point,5
9,2023-10-26 12:20:16.489575,image,240,aruco,5
9,2023-10-26 12:20:22.881668,image,240,qr,4
9,2023-10-26 12:20:31.665732,text_w,120,none,5
9,2023-10-26 12:20:39.001781,text_w,120,point,5
9,2023-10-26 12:20:46.230840,text_w,120,aruco,5
9,2023-10-26 12:20:53.353864,text_w,120,qr,5
9,2023-10-26 12:21:02.353872,text_d,120,none,5
9,2023-10-26 12:21:09.569956,text_d,120,point,3
9,2023-10-26 12:21:16.922009,text_d,120,aruco,3
9,2023-10-26 12:21:22.946062,text_d,120,qr,2
9,2023-10-26 12:21:29.639369,image,120,none,5
9,2023-10-26 12:21:35.815356,image,120,point,4
9,2023-10-26 12:21:42.013179,image,120,aruco,4
9,2023-10-26 12:21:54.213350,image,120,qr,4
9,2023-10-26 12:22:02.474391,text_w,144,none,5
9,2023-10-26 12:22:08.959592,text_w,144,point,5
9,2023-10-26 12:22:16.394590,text_w,144,aruco,5
9,2023-10-26 12:22:22.850602,text_w,144,qr,5
9,2023-10-26 12:22:29.071748,text_d,144,none,5
9,2023-10-26 12:22:36.034718,text_d,144,point,3
9,2023-10-26 12:22:42.127841,text_d,144,aruco,3
9,2023-10-26 12:22:48.290689,text_d,144,qr,2
9,2023-10-26 12:22:53.879914,image,144,none,5
9,2023-10-26 12:22:59.445825,image,144,point,4
9,2023-10-26 12:23:05.642981,image,144,aruco,4
9,2023-10-26 12:23:15.163076,image,144,qr,3
10,2023-11-06 08:33:27.326598,text_d,240,qr,5
10,2023-11-06 08:33:33.438723,text_d,240,aruco,5
10,2023-11-06 08:33:39.051709,text_d,240,point,4
10,2023-11-06 08:33:44.518712,text_d,240,none,5
10,2023-11-06 08:33:50.606731,text_w,240,qr,5
10,2023-11-06 08:33:56.150752,text_w,240,aruco,5
10,2023-11-06 08:34:01.859873,text_w,240,point,5
10,2023-11-06 08:34:07.435878,text_w,240,none,5
10,2023-11-06 08:34:13.203898,image,240,qr,5
10,2023-11-06 08:34:18.854819,image,240,aruco,5
10,2023-11-06 08:34:24.662896,image,240,point,5
10,2023-11-06 08:34:30.262912,image,240,none,5
10,2023-11-06 08:34:37.771925,text_d,200,qr,5
10,2023-11-06 08:34:43.380657,text_d,200,aruco,4
10,2023-11-06 08:34:48.929756,text_d,200,point,3
10,2023-11-06 08:34:55.142951,text_d,200,none,4
10,2023-11-06 08:35:00.830949,text_w,200,qr,5
10,2023-11-06 08:35:06.387934,text_w,200,aruco,5
10,2023-11-06 08:35:11.958998,text_w,200,point,5
10,2023-11-06 08:35:17.435903,text_w,200,none,5
10,2023-11-06 08:35:24.007766,image,200,qr,1
10,2023-11-06 08:35:31.028071,image,200,aruco,5
10,2023-11-06 08:35:36.644043,image,200,point,5
10,2023-11-06 08:35:42.412088,image,200,none,5
10,2023-11-06 08:35:50.244208,text_d,144,qr,3
10,2023-11-06 08:35:55.620199,text_d,144,aruco,2
10,2023-11-06 08:36:00.769985,text_d,144,point,2
10,2023-11-06 08:36:07.607056,text_d,144,none,5
10,2023-11-06 08:36:13.079212,text_w,144,qr,5
10,2023-11-06 08:36:18.647166,text_w,144,aruco,5
10,2023-11-06 08:36:24.191196,text_w,144,point,5
10,2023-11-06 08:36:29.682037,text_w,144,none,5
10,2023-11-06 08:36:35.281195,image,144,qr,5
10,2023-11-06 08:36:40.764158,image,144,aruco,5
10,2023-11-06 08:36:46.284266,image,144,point,3
10,2023-11-06 08:36:52.436295,image,144,none,5
10,2023-11-06 08:37:00.468963,text_d,120,qr,2
10,2023-11-06 08:37:05.951174,text_d,120,aruco,2
10,2023-11-06 08:37:11.343244,text_d,120,point,2
10,2023-11-06 08:37:16.743310,text_d,120,none,5
10,2023-11-06 08:37:22.127307,text_w,120,qr,5
10,2023-11-06 08:37:27.647273,text_w,120,aruco,5
10,2023-11-06 08:37:32.813935,text_w,120,point,5
10,2023-11-06 08:37:39.199327,text_w,120,none,3
10,2023-11-06 08:37:45.135355,image,120,qr,5
10,2023-11-06 08:37:50.748441,image,120,aruco,5
10,2023-11-06 08:37:56.599389,image,120,point,5
10,2023-11-06 08:38:02.276477,image,120,none,5
10,2023-11-06 08:38:09.695481,text_w,120,point,5
10,2023-11-06 08:38:15.079464,text_w,120,qr,5
10,2023-11-06 08:38:20.910053,text_w,120,aruco,4
10,2023-11-06 08:38:26.287498,text_w,120,none,5
10,2023-11-06 08:38:31.858394,text_d,120,point,3
10,2023-11-06 08:38:37.463413,text_d,120,qr,3
10,2023-11-06 08:38:42.988647,text_d,120,aruco,3
10,2023-11-06 08:38:48.743532,text_d,120,none,5
10,2023-11-06 08:38:54.311560,image,120,point,5
10,2023-11-06 08:38:59.700611,image,120,qr,4
10,2023-11-06 08:39:05.098489,image,120,aruco,4
10,2023-11-06 08:39:10.535578,image,120,none,5
10,2023-11-06 08:39:25.319689,text_w,144,point,1
10,2023-11-06 08:39:34.418822,text_w,144,qr,5
10,2023-11-06 08:39:40.261076,text_w,144,aruco,5
10,2023-11-06 08:39:46.240069,text_w,144,none,5
10,2023-11-06 08:39:52.331048,text_d,144,point,2
10,2023-11-06 08:39:57.749325,text_d,144,qr,2
10,2023-11-06 08:40:03.273069,text_d,144,aruco,2
10,2023-11-06 08:40:08.619274,text_d,144,none,5
10,2023-11-06 08:40:17.581540,image,144,point,1
10,2023-11-06 08:40:23.530779,image,144,qr,4
10,2023-11-06 08:40:30.208752,image,144,aruco,1
10,2023-11-06 08:40:36.090948,image,144,none,5
10,2023-11-06 08:40:43.939978,text_w,200,point,5
10,2023-11-06 08:40:49.923943,text_w,200,qr,1
10,2023-11-06 08:40:55.785846,text_w,200,aruco,5
10,2023-11-06 08:41:01.441235,text_w,200,none,5
10,2023-11-06 08:41:06.894322,text_d,200,point,3
10,2023-11-06 08:41:12.412277,text_d,200,qr,3
10,2023-11-06 08:41:17.954093,text_d,200,aruco,3
10,2023-11-06 08:41:23.329609,text_d,200,none,5
10,2023-11-06 08:41:29.054698,image,200,point,5
10,2023-11-06 08:41:34.534787,image,200,qr,5
10,2023-11-06 08:41:40.166834,image,200,aruco,5
10,2023-11-06 08:41:45.814940,image,200,none,5
10,2023-11-06 08:41:53.391003,text_w,240,point,5
10,2023-11-06 08:41:59.058062,text_w,240,qr,5
10,2023-11-06 08:42:04.639943,text_w,240,aruco,5
10,2023-11-06 08:42:10.040738,text_w,240,none,5
10,2023-11-06 08:42:15.538308,text_d,240,point,4
10,2023-11-06 08:42:21.610383,text_d,240,qr,4
10,2023-11-06 08:42:27.090611,text_d,240,aruco,4
10,2023-11-06 08:42:32.438157,text_d,240,none,5
10,2023-11-06 08:42:38.042639,image,240,point,5
10,2023-11-06 08:42:43.521112,image,240,qr,5
10,2023-11-06 08:42:49.010760,image,240,aruco,5
10,2023-11-06 08:42:54.514780,image,240,none,5
10,2023-11-06 08:43:02.042902,text_w,120,qr,5
10,2023-11-06 08:43:07.578989,text_w,120,point,5
10,2023-11-06 08:43:13.147063,text_w,120,aruco,5
10,2023-11-06 08:43:18.619171,text_w,120,none,5
10,2023-11-06 08:43:24.011183,image,120,qr,4
10,2023-11-06 08:43:29.560285,image,120,point,4
10,2023-11-06 08:43:35.248331,image,120,aruco,4
10,2023-11-06 08:43:40.696350,image,120,none,5
10,2023-11-06 08:43:46.217131,text_d,120,qr,3
10,2023-11-06 08:43:51.640537,text_d,120,point,3
10,2023-11-06 08:43:57.720670,text_d,120,aruco,3
10,2023-11-06 08:44:03.163674,text_d,120,none,5
10,2023-11-06 08:44:10.832803,text_w,240,qr,5
10,2023-11-06 08:44:16.256876,text_w,240,point,5
10,2023-11-06 08:44:21.784979,text_w,240,aruco,5
10,2023-11-06 08:44:27.232981,text_w,240,none,4
10,2023-11-06 08:44:32.873069,image,240,qr,5
10,2023-11-06 08:44:38.249048,image,240,point,5
10,2023-11-06 08:44:43.761184,image,240,aruco,5
10,2023-11-06 08:44:49.257185,image,240,none,5
10,2023-11-06 08:44:54.404249,text_d,240,qr,4
10,2023-11-06 08:44:59.932283,text_d,240,point,4
10,2023-11-06 08:45:05.407198,text_d,240,aruco,4
10,2023-11-06 08:45:10.780409,text_d,240,none,5
10,2023-11-06 08:45:18.537454,text_w,200,qr,5
10,2023-11-06 08:45:23.996553,text_w,200,point,5
10,2023-11-06 08:45:29.308597,text_w,200,aruco,5
10,2023-11-06 08:45:35.052652,text_w,200,none,5
10,2023-11-06 08:45:40.412727,image,200,qr,5
10,2023-11-06 08:45:45.993777,image,200,point,5
10,2023-11-06 08:45:51.513852,image,200,aruco,5
10,2023-11-06 08:45:57.073920,image,200,none,5
10,2023-11-06 08:46:02.689939,text_d,200,qr,4
10,2023-11-06 08:46:08.098046,text_d,200,point,3
10,2023-11-06 08:46:13.485038,text_d,200,aruco,4
10,2023-11-06 08:46:19.368646,text_d,200,none,5
10,2023-11-06 08:46:26.890909,text_w,144,qr,5
10,2023-11-06 08:46:32.389218,text_w,144,point,5
10,2023-11-06 08:46:37.816150,text_w,144,aruco,5
10,2023-11-06 08:46:43.266432,text_w,144,none,5
10,2023-11-06 08:46:48.746455,image,144,qr,4
10,2023-11-06 08:46:54.218544,image,144,point,4
10,2023-11-06 08:46:59.645455,image,144,aruco,4
10,2023-11-06 08:47:05.525450,image,144,none,5
10,2023-11-06 08:47:10.933553,text_d,144,qr,3
10,2023-11-06 08:47:16.304408,text_d,144,point,3
10,2023-11-06 08:47:21.720514,text_d,144,aruco,3
10,2023-11-06 08:47:27.162734,text_d,144,none,5
11,2023-11-06 09:00:29.816229,image,120,point,5
11,2023-11-06 09:00:37.544262,image,120,aruco,4
11,2023-11-06 09:00:43.864211,image,120,qr,3
11,2023-11-06 09:00:50.224172,image,120,none,5
11,2023-11-06 09:00:56.568200,text_w,120,point,5
11,2023-11-06 09:01:02.659780,text_w,120,aruco,5
11,2023-11-06 09:01:08.592239,text_w,120,qr,5
11,2023-11-06 09:01:14.728167,text_w,120,none,5
11,2023-11-06 09:01:20.712151,text_d,120,point,1
11,2023-11-06 09:01:26.632140,text_d,120,aruco,2
11,2023-11-06 09:01:32.480116,text_d,120,qr,1
11,2023-11-06 09:01:38.608098,text_d,120,none,5
11,2023-11-06 09:01:46.576113,image,240,point,1
11,2023-11-06 09:01:52.909126,image,240,aruco,4
11,2023-11-06 09:01:59.232091,image,240,qr,4
11,2023-11-06 09:02:05.416034,image,240,none,5
11,2023-11-06 09:02:11.477129,text_w,240,point,5
11,2023-11-06 09:02:17.349157,text_w,240,aruco,5
11,2023-11-06 09:02:23.741140,text_w,240,qr,5
11,2023-11-06 09:02:30.168746,text_w,240,none,5
11,2023-11-06 09:02:36.149079,text_d,240,point,2
11,2023-11-06 09:02:42.381172,text_d,240,aruco,2
11,2023-11-06 09:02:48.112114,text_d,240,qr,1
11,2023-11-06 09:02:53.968111,text_d,240,none,5
11,2023-11-06 09:03:02.053194,image,144,point,3
11,2023-11-06 09:03:07.984152,image,144,aruco,2
11,2023-11-06 09:03:15.213275,image,144,qr,3
11,2023-11-06 09:03:21.421214,image,144,none,4
11,2023-11-06 09:03:27.453987,text_w,144,point,5
11,2023-11-06 09:03:33.413280,text_w,144,aruco,5
11,2023-11-06 09:03:39.749197,text_w,144,qr,5
11,2023-11-06 09:03:46.888188,text_w,144,none,5
11,2023-11-06 09:03:52.811112,text_d,144,point,1
11,2023-11-06 09:03:58.941370,text_d,144,aruco,1
11,2023-11-06 09:04:04.848249,text_d,144,qr,1
11,2023-11-06 09:04:10.789234,text_d,144,none,5
11,2023-11-06 09:04:18.904179,image,200,point,4
11,2023-11-06 09:04:25.264119,image,200,aruco,4
11,2023-11-06 09:04:31.192192,image,200,qr,4
11,2023-11-06 09:04:37.152190,image,200,none,5
11,2023-11-06 09:04:45.541250,text_w,200,point,5
11,2023-11-06 09:04:51.533283,text_w,200,aruco,5
11,2023-11-06 09:04:57.488090,text_w,200,qr,5
11,2023-11-06 09:05:03.645176,text_w,200,none,5
11,2023-11-06 09:05:09.541152,text_d,200,point,2
11,2023-11-06 09:05:16.064151,text_d,200,aruco,2
11,2023-11-06 09:05:21.981149,text_d,200,qr,2
11,2023-11-06 09:05:29.149227,text_d,200,none,5
11,2023-11-06 09:05:37.029201,text_d,240,none,5
11,2023-11-06 09:05:42.720133,text_d,240,aruco,3
11,2023-11-06 09:05:48.624082,text_d,240,qr,2
11,2023-11-06 09:05:54.368138,text_d,240,point,2
11,2023-11-06 09:06:00.224084,text_w,240,none,5
11,2023-11-06 09:06:06.310642,text_w,240,aruco,5
11,2023-11-06 09:06:11.979023,text_w,240,qr,5
11,2023-11-06 09:06:18.080136,text_w,240,point,5
11,2023-11-06 09:06:24.045212,image,240,none,5
11,2023-11-06 09:06:30.301165,image,240,aruco,5
11,2023-11-06 09:06:36.165130,image,240,qr,4
11,2023-11-06 09:06:42.149199,image,240,point,4
11,2023-11-06 09:06:49.925157,text_d,120,none,5
11,2023-11-06 09:06:56.216067,text_d,120,aruco,2
11,2023-11-06 09:07:02.176091,text_d,120,qr,1
11,2023-11-06 09:07:08.035000,text_d,120,point,1
11,2023-11-06 09:07:14.840035,text_w,120,none,5
11,2023-11-06 09:07:20.880041,text_w,120,aruco,5
11,2023-11-06 09:07:26.779606,text_w,120,qr,5
11,2023-11-06 09:07:33.216146,text_w,120,point,5
11,2023-11-06 09:07:39.184152,image,120,none,5
11,2023-11-06 09:07:45.112099,image,120,aruco,4
11,2023-11-06 09:07:50.976094,image,120,qr,3
11,2023-11-06 09:07:56.916975,image,120,point,3
11,2023-11-06 09:08:04.861127,text_d,144,none,5
11,2023-11-06 09:08:11.181126,text_d,144,aruco,2
11,2023-11-06 09:08:17.341123,text_d,144,qr,1
11,2023-11-06 09:08:23.773808,text_d,144,point,1
11,2023-11-06 09:08:29.544084,text_w,144,none,5
11,2023-11-06 09:08:35.632023,text_w,144,aruco,5
11,2023-11-06 09:08:41.472044,text_w,144,qr,5
11,2023-11-06 09:08:47.285105,text_w,144,point,5
11,2023-11-06 09:08:53.373059,image,144,none,5
11,2023-11-06 09:08:59.117012,image,144,aruco,4
11,2023-11-06 09:09:04.973096,image,144,qr,3
11,2023-11-06 09:09:10.573021,image,144,point,3
11,2023-11-06 09:09:19.087981,text_d,200,none,5
11,2023-11-06 09:09:26.452991,text_d,200,aruco,3
11,2023-11-06 09:09:32.365086,text_d,200,qr,2
11,2023-11-06 09:09:38.309071,text_d,200,point,2
11,2023-11-06 09:09:44.229053,text_w,200,none,5
11,2023-11-06 09:09:50.181015,text_w,200,aruco,5
11,2023-11-06 09:09:56.252979,text_w,200,qr,5
11,2023-11-06 09:10:01.949025,text_w,200,point,4
11,2023-11-06 09:10:07.815868,image,200,none,5
11,2023-11-06 09:10:13.511903,image,200,aruco,4
11,2023-11-06 09:10:19.383934,image,200,qr,4
11,2023-11-06 09:10:25.351969,image,200,point,4
11,2023-11-06 09:10:33.284856,image,144,none,5
11,2023-11-06 09:10:39.175864,image,144,point,4
11,2023-11-06 09:10:45.095853,image,144,aruco,4
11,2023-11-06 09:10:51.055887,image,144,qr,3
11,2023-11-06 09:10:57.095833,text_d,144,none,5
11,2023-11-06 09:11:02.703854,text_d,144,point,1
11,2023-11-06 09:11:09.343866,text_d,144,aruco,2
11,2023-11-06 09:11:16.663843,text_d,144,qr,2
11,2023-11-06 09:11:22.279863,text_w,144,none,5
11,2023-11-06 09:11:28.415818,text_w,144,point,5
11,2023-11-06 09:11:34.669692,text_w,144,aruco,5
11,2023-11-06 09:11:40.340944,text_w,144,qr,5
11,2023-11-06 09:11:48.295816,image,200,none,5
11,2023-11-06 09:11:53.814324,image,200,point,4
11,2023-11-06 09:11:59.324787,image,200,aruco,4
11,2023-11-06 09:12:04.860838,image,200,qr,4
11,2023-11-06 09:12:10.825783,text_d,200,none,5
11,2023-11-06 09:12:16.362629,text_d,200,point,2
11,2023-11-06 09:12:23.202657,text_d,200,aruco,3
11,2023-11-06 09:12:28.831659,text_d,200,qr,2
11,2023-11-06 09:12:34.391679,text_w,200,none,5
11,2023-11-06 09:12:40.186564,text_w,200,point,5
11,2023-11-06 09:12:45.852714,text_w,200,aruco,5
11,2023-11-06 09:12:51.452757,text_w,200,qr,5
11,2023-11-06 09:12:59.593799,image,120,none,5
11,2023-11-06 09:13:05.156731,image,120,point,3
11,2023-11-06 09:13:10.785743,image,120,aruco,4
11,2023-11-06 09:13:16.708762,image,120,qr,3
11,2023-11-06 09:13:22.367619,text_d,120,none,5
11,2023-11-06 09:13:27.895639,text_d,120,point,1
11,2023-11-06 09:13:33.740775,text_d,120,aruco,1
11,2023-11-06 09:13:39.359630,text_d,120,qr,1
11,2023-11-06 09:13:44.823705,text_w,120,none,5
11,2023-11-06 09:13:50.495605,text_w,120,point,5
11,2023-11-06 09:13:56.146542,text_w,120,aruco,5
11,2023-11-06 09:14:01.767625,text_w,120,qr,5
11,2023-11-06 09:14:09.802547,image,240,none,5
11,2023-11-06 09:14:15.436617,image,240,point,4
11,2023-11-06 09:14:21.236576,image,240,aruco,4
11,2023-11-06 09:14:27.111586,image,240,qr,4
11,2023-11-06 09:14:34.370407,text_d,240,none,5
11,2023-11-06 09:14:39.890405,text_d,240,point,2
11,2023-11-06 09:14:45.380538,text_d,240,aruco,2
11,2023-11-06 09:14:51.255486,text_d,240,qr,1
11,2023-11-06 09:14:57.108492,text_w,240,none,5
11,2023-11-06 09:15:02.996526,text_w,240,point,5
11,2023-11-06 09:15:08.668685,text_w,240,aruco,5
11,2023-11-06 09:15:14.284686,text_w,240,qr,5
12,2023-11-06 14:59:27.621707,image,200,aruco,5
12,2023-11-06 14:59:39.094112,image,200,none,5
12,2023-11-06 14:59:48.390924,image,200,qr,5
12,2023-11-06 14:59:54.969337,image,200,point,5
12,2023-11-06 15:00:05.837110,text_d,200,aruco,5
12,2023-11-06 15:00:17.526772,text_d,200,none,5
12,2023-11-06 15:00:46.324288,text_d,200,qr,3
12,2023-11-06 15:00:52.901205,text_d,200,point,3
12,2023-11-06 15:00:59.109370,text_w,200,aruco,5
12,2023-11-06 15:01:05.384424,text_w,200,none,5
12,2023-11-06 15:01:12.143958,text_w,200,qr,5
12,2023-11-06 15:01:19.773898,text_w,200,point,5
12,2023-11-06 15:01:28.440178,image,120,aruco,5
12,2023-11-06 15:01:34.920300,image,120,none,5
12,2023-11-06 15:01:42.304451,image,120,qr,5
12,2023-11-06 15:01:49.160658,image,120,point,5
12,2023-11-06 15:01:56.704790,text_d,120,aruco,2
12,2023-11-06 15:02:03.440833,text_d,120,none,5
12,2023-11-06 15:02:11.457036,text_d,120,qr,2
12,2023-11-06 15:02:17.721150,text_d,120,point,2
12,2023-11-06 15:02:23.993951,text_w,120,aruco,5
12,2023-11-06 15:02:30.265429,text_w,120,none,5
12,2023-11-06 15:02:36.404427,text_w,120,qr,5
12,2023-11-06 15:02:42.591505,text_w,120,point,5
12,2023-11-06 15:02:51.012725,image,144,aruco,5
12,2023-11-06 15:02:57.313957,image,144,none,5
12,2023-11-06 15:03:03.546837,image,144,qr,5
12,2023-11-06 15:03:09.109128,image,144,point,5
12,2023-11-06 15:03:16.021293,text_d,144,aruco,3
12,2023-11-06 15:03:21.816240,text_d,144,none,5
12,2023-11-06 15:03:28.792328,text_d,144,qr,2
12,2023-11-06 15:03:35.880483,text_d,144,point,2
12,2023-11-06 15:03:41.930739,text_w,144,aruco,5
12,2023-11-06 15:03:48.234982,text_w,144,none,5
12,2023-11-06 15:03:54.107040,text_w,144,qr,5
12,2023-11-06 15:04:00.368960,text_w,144,point,5
12,2023-11-06 15:04:10.127019,image,240,aruco,4
12,2023-11-06 15:04:16.550508,image,240,none,5
12,2023-11-06 15:04:23.782537,image,240,qr,5
12,2023-11-06 15:04:29.930380,image,240,point,5
12,2023-11-06 15:04:35.924739,text_d,240,aruco,4
12,2023-11-06 15:04:41.585918,text_d,240,none,5
12,2023-11-06 15:04:49.908304,text_d,240,qr,4
12,2023-11-06 15:04:55.762119,text_d,240,point,3
12,2023-11-06 15:05:02.175464,text_w,240,aruco,5
12,2023-11-06 15:05:08.268686,text_w,240,none,5
12,2023-11-06 15:05:14.284765,text_w,240,qr,5
12,2023-11-06 15:05:20.647736,text_w,240,point,5
12,2023-11-06 15:05:30.466920,image,240,point,5
12,2023-11-06 15:05:36.896069,image,240,none,5
12,2023-11-06 15:05:43.112191,image,240,aruco,5
12,2023-11-06 15:05:50.133417,image,240,qr,5
12,2023-11-06 15:05:56.181573,text_d,240,point,4
12,2023-11-06 15:06:01.805696,text_d,240,none,5
12,2023-11-06 15:06:08.542548,text_d,240,aruco,5
12,2023-11-06 15:06:14.864903,text_d,240,qr,4
12,2023-11-06 15:06:21.630063,text_w,240,point,5
12,2023-11-06 15:06:30.001260,text_w,240,none,5
12,2023-11-06 15:06:36.105331,text_w,240,aruco,5
12,2023-11-06 15:06:42.177447,text_w,240,qr,5
12,2023-11-06 15:06:50.297071,image,200,point,3
12,2023-11-06 15:06:56.496767,image,200,none,5
12,2023-11-06 15:07:02.648555,image,200,aruco,5
12,2023-11-06 15:07:08.968366,image,200,qr,5
12,2023-11-06 15:07:15.061208,text_d,200,point,3
12,2023-11-06 15:07:20.547522,text_d,200,none,5
12,2023-11-06 15:07:26.980734,text_d,200,aruco,3
12,2023-11-06 15:07:33.087450,text_d,200,qr,3
12,2023-11-06 15:07:39.596323,text_w,200,point,5
12,2023-11-06 15:07:46.620095,text_w,200,none,5
12,2023-11-06 15:07:54.217639,text_w,200,aruco,5
12,2023-11-06 15:07:59.939649,text_w,200,qr,5
12,2023-11-06 15:08:08.715320,image,144,point,5
12,2023-11-06 15:08:15.006156,image,144,none,5
12,2023-11-06 15:08:21.603011,image,144,aruco,5
12,2023-11-06 15:08:29.076214,image,144,qr,5
12,2023-11-06 15:08:35.349428,text_d,144,point,1
12,2023-11-06 15:08:41.933328,text_d,144,none,5
12,2023-11-06 15:08:48.402250,text_d,144,aruco,2
12,2023-11-06 15:08:54.463870,text_d,144,qr,1
12,2023-11-06 15:09:00.580842,text_w,144,point,4
12,2023-11-06 15:09:07.849622,text_w,144,none,5
12,2023-11-06 15:09:14.156469,text_w,144,aruco,5
12,2023-11-06 15:09:23.647879,text_w,144,qr,5
12,2023-11-06 15:09:31.972065,image,120,point,5
12,2023-11-06 15:09:38.054697,image,120,none,5
12,2023-11-06 15:09:44.027648,image,120,aruco,5
12,2023-11-06 15:09:55.633972,image,120,qr,4
12,2023-11-06 15:10:01.603350,text_d,120,point,1
12,2023-11-06 15:10:07.030815,text_d,120,none,5
12,2023-11-06 15:10:13.043035,text_d,120,aruco,3
12,2023-11-06 15:10:22.210913,text_d,120,qr,2
12,2023-11-06 15:10:28.794776,text_w,120,point,5
12,2023-11-06 15:10:35.401136,text_w,120,none,5
12,2023-11-06 15:10:41.722464,text_w,120,aruco,5
12,2023-11-06 15:10:48.223492,text_w,120,qr,5
12,2023-11-06 15:10:57.314242,text_w,120,point,5
12,2023-11-06 15:11:07.426020,text_w,120,qr,5
12,2023-11-06 15:11:14.001896,text_w,120,aruco,5
12,2023-11-06 15:11:20.160338,text_w,120,none,5
12,2023-11-06 15:11:27.825694,text_d,120,point,2
12,2023-11-06 15:11:34.097550,text_d,120,qr,2
12,2023-11-06 15:11:40.129416,text_d,120,aruco,3
12,2023-11-06 15:11:46.444184,text_d,120,none,5
12,2023-11-06 15:11:52.734368,image,120,point,5
12,2023-11-06 15:11:59.740064,image,120,qr,5
12,2023-11-06 15:12:06.070101,image,120,aruco,5
12,2023-11-06 15:12:12.338994,image,120,none,5
12,2023-11-06 15:12:21.008868,text_w,200,point,5
12,2023-11-06 15:12:28.890841,text_w,200,qr,5
12,2023-11-06 15:12:35.141767,text_w,200,aruco,5
12,2023-11-06 15:12:41.293585,text_w,200,none,5
12,2023-11-06 15:12:47.458581,text_d,200,point,4
12,2023-11-06 15:12:53.488482,text_d,200,qr,4
12,2023-11-06 15:12:59.949374,text_d,200,aruco,4
12,2023-11-06 15:13:06.349400,text_d,200,none,5
12,2023-11-06 15:13:12.597328,image,200,point,5
12,2023-11-06 15:13:18.829374,image,200,qr,5
12,2023-11-06 15:13:25.085221,image,200,aruco,5
12,2023-11-06 15:13:32.114244,image,200,none,5
12,2023-11-06 15:13:44.954714,text_w,144,point,4
12,2023-11-06 15:13:51.564836,text_w,144,qr,5
12,2023-11-06 15:13:58.263723,text_w,144,aruco,5
12,2023-11-06 15:14:04.543690,text_w,144,none,5
12,2023-11-06 15:14:12.247629,text_d,144,point,2
12,2023-11-06 15:14:18.455631,text_d,144,qr,3
12,2023-11-06 15:14:24.583575,text_d,144,aruco,2
12,2023-11-06 15:14:30.111519,text_d,144,none,5
12,2023-11-06 15:14:36.172479,image,144,point,4
12,2023-11-06 15:14:42.388443,image,144,qr,5
12,2023-11-06 15:14:48.665466,image,144,aruco,5
12,2023-11-06 15:14:54.295268,image,144,none,5
12,2023-11-06 15:15:02.631189,text_w,240,point,5
12,2023-11-06 15:15:09.210164,text_w,240,qr,5
12,2023-11-06 15:15:18.855198,text_w,240,aruco,5
12,2023-11-06 15:15:25.172183,text_w,240,none,5
12,2023-11-06 15:15:40.980070,text_d,240,point,5
12,2023-11-06 15:15:47.348169,text_d,240,qr,4
12,2023-11-06 15:15:53.276138,text_d,240,aruco,4
12,2023-11-06 15:15:59.396114,text_d,240,none,5
12,2023-11-06 15:16:05.839048,image,240,point,5
12,2023-11-06 15:16:12.844113,image,240,qr,5
12,2023-11-06 15:16:19.068059,image,240,aruco,5
12,2023-11-06 15:16:25.311064,image,240,none,5
